city,state,language,localLanguage,Type,Population (2011),Population class,country
Port Blair,Andaman and Nicobar Islands,English,English,Municipal Council,99984,,India
Visakhapatnam,Andhra Pradesh,Telugu,తెలుగు,Municipal Committee.,"17,30,320",Class I,India
Vijayawada,Andhra Pradesh,Telugu,తెలుగు,Municipal Corporation / Corporation.,"10,48,240",Class I,India
Guntur,Andhra Pradesh,Telugu,తెలుగు,Municipal Corporation / Corporation,"6,51,382",Class I,India
Nellore,Andhra Pradesh,Telugu,తెలుగు,Municipal Corporation / Corporation,"5,05,258",Class I,India
Kurnool,Andhra Pradesh,Telugu,తెలుగు,Municipal Corporation / Corporation,"4,24,920",Class I,India
Rajahmundry,Andhra Pradesh,Telugu,తెలుగు,Urban Agglomeration,"4,13,616",,India
Kakinada,Andhra Pradesh,Telugu,తెలుగు,Municipal Corporation / Corporation,"3,12,255",Class I,India
Tirupati,Andhra Pradesh,Telugu,తెలుగు,Municipal Corporation / Corporation.,"2,87,035",Class I,India
Anantapur,Andhra Pradesh,Telugu,తెలుగు,Municipal Corporation / Corporation.,"2,62,340",Class I,India
Kadapa,Andhra Pradesh,Telugu,తెలుగు,Municipal Corporation / Corporation,"2,41,823",Class I,India
Vizianagaram,Andhra Pradesh,Telugu,తెలుగు,Municipality,"2,28,025",Class I,India
Eluru,Andhra Pradesh,Telugu,తెలుగు,Municipal Corporation / Corporation.,"2,14,414",Class I,India
Ongole,Andhra Pradesh,Telugu,తెలుగు,Municipality,"2,02,826",Class I,India
Nandyal,Andhra Pradesh,Telugu,తెలుగు,Municipality,"2,00,746",Class I,India
Machilipatnam,Andhra Pradesh,Telugu,తెలుగు,Municipality,"1,70,008",Class I,India
Adoni,Andhra Pradesh,Telugu,తెలుగు,Municipality,"1,66,344",Class I,India
Tenali,Andhra Pradesh,Telugu,తెలుగు,Municipality,"1,64,649",Class I,India
Chittoor,Andhra Pradesh,Telugu,తెలుగు,Municipal Corporation / Corporation.,"1,53,766",Class I,India
Hindupur,Andhra Pradesh,Telugu,తెలుగు,Municipality,"1,51,835",Class I,India
Proddatur,Andhra Pradesh,Telugu,తెలుగు,Municipality,"1,50,309",,India
Bhimavaram,Andhra Pradesh,Telugu,తెలుగు,Municipality,"1,42,280",Class I,India
Madanapalle,Andhra Pradesh,Telugu,తెలుగు,Municipality,"1,35,669",Class I,India
Guntakal,Andhra Pradesh,Telugu,తెలుగు,Municipality,"1,26,479",Class I,India
Dharmavaram,Andhra Pradesh,Telugu,తెలుగు,Municipality,"1,21,992",Class I,India
Gudivada,Andhra Pradesh,Telugu,తెలుగు,Municipality,"1,18,289",Class I,India
Srikakulam,Andhra Pradesh,Telugu,తెలుగు,Urban Agglomeration,"1,17,320",,India
Narasaraopet,Andhra Pradesh,Telugu,తెలుగు,Municipality,"1,16,329",Class I,India
Rajampet,Andhra Pradesh,Telugu,తెలుగు,Municipality,"1,09,575",,India
Tadpatri,Andhra Pradesh,Telugu,తెలుగు,Municipality,"1,08,249",Class I,India
Tadepalligudem,Andhra Pradesh,Telugu,తెలుగు,Municipality,"1,03,577",Class I,India
Chilakaluripet,Andhra Pradesh,Telugu,తెలుగు,Municipality,"1,01,550",Class I,India
Yemmiganur,Andhra Pradesh,Telugu,తెలుగు,Municipality,95149,Class II,India
Kadiri,Andhra Pradesh,Telugu,తెలుగు,Municipality,89429,Class II,India
Chirala,Andhra Pradesh,Telugu,తెలుగు,Municipality,87200,Class II,India
Anakapalle,Andhra Pradesh,Telugu,తెలుగు,Municipality,86519,Class II,India
Kavali,Andhra Pradesh,Telugu,తెలుగు,Municipality,82336,Class II,India
Palacole,Andhra Pradesh,Telugu,తెలుగు,Urban Agglomeration,76308,,India
Sullurpeta,Andhra Pradesh,Telugu,తెలుగు,Municipality,75925,,India
Tanuku,Andhra Pradesh,Telugu,తెలుగు,Municipality,72348,Class II,India
Rayachoti,Andhra Pradesh,Telugu,తెలుగు,Census town,72297,,India
Srikalahasti,Andhra Pradesh,Telugu,తెలుగు,Municipality,70854,,India
Bapatla,Andhra Pradesh,Telugu,తెలుగు,Municipality,70777,Class II,India
Naidupet,Andhra Pradesh,Telugu,తెలుగు,Municipality,65000,Class II,India
Nagari,Andhra Pradesh,Telugu,తెలుగు,Municipality,62253,Class II,India
Gudur,Andhra Pradesh,Telugu,తెలుగు,Municipality,60625,Class II,India
Vinukonda,Andhra Pradesh,Telugu,తెలుగు,Municipality,59725,Class II,India
Narasapuram,Andhra Pradesh,Telugu,తెలుగు,Municipality,58770,Class II,India
Nuzvid,Andhra Pradesh,Telugu,తెలుగు,Municipality,58590,Class II,India
Markapur,Andhra Pradesh,Telugu,తెలుగు,Municipality,58462,,India
Ponnur,Andhra Pradesh,Telugu,తెలుగు,Municipality,57640,,India
Kandukur,Andhra Pradesh,Telugu,తెలుగు,Municipality,57246,Class II,India
Bobbili,Andhra Pradesh,Telugu,తెలుగు,Municipality,56819,Class II,India
Rayadurg,Andhra Pradesh,Telugu,తెలుగు,Municipality,54125,,India
Samalkot,Andhra Pradesh,Telugu,తెలుగు,Municipality,53602,,India
Jaggaiahpet,Andhra Pradesh,Telugu,తెలుగు,Municipality,53530,Class II,India
Tuni,Andhra Pradesh,Telugu,తెలుగు,Municipality,53425,Class II,India
Amalapuram,Andhra Pradesh,Telugu,తెలుగు,Municipality,53231,Class II,India
Bheemunipatnam,Andhra Pradesh,Telugu,తెలుగు,Municipality,52110,Class II,India
Venkatagiri,Andhra Pradesh,Telugu,తెలుగు,Municipality,51708,Class II,India
Sattenapalle,Andhra Pradesh,Telugu,తెలుగు,Municipality,51404,,India
Pithapuram,Andhra Pradesh,Telugu,తెలుగు,Municipality,50103,,India
Palasa Kasibugga,Andhra Pradesh,Telugu,తెలుగు,Nagar Panchayat,49899,,India
Parvathipuram,Andhra Pradesh,Telugu,తెలుగు,Municipality,49714,,India
Macherla,Andhra Pradesh,Telugu,తెలుగు,Municipality,49221,,India
Gooty,Andhra Pradesh,Telugu,తెలుగు,Census town,48658,Class III,India
Salur,Andhra Pradesh,Telugu,తెలుగు,Municipality,48354,,India
Mandapeta,Andhra Pradesh,Telugu,తెలుగు,Municipality,47638,,India
Jammalamadugu,Andhra Pradesh,Telugu,తెలుగు,Nagar Panchayat,46069,Class III,India
Peddapuram,Andhra Pradesh,Telugu,తెలుగు,Municipality,45520,,India
Punganur,Andhra Pradesh,Telugu,తెలుగు,Nagar Panchayat,44314,,India
Nidadavole,Andhra Pradesh,Telugu,తెలుగు,Municipality,43809,Class III,India
Repalle,Andhra Pradesh,Telugu,తెలుగు,Municipality,42539,,India
Ramachandrapuram,Andhra Pradesh,Telugu,తెలుగు,Municipality,41370,,India
Kovvur,Andhra Pradesh,Telugu,తెలుగు,Municipality,39667,Class III,India
Tiruvuru,Andhra Pradesh,Telugu,తెలుగు,Municipality,37802,Class III,India
Uravakonda,Andhra Pradesh,Telugu,తెలుగు,Census town,35565,Class III,India
Narsipatnam,Andhra Pradesh,Telugu,తెలుగు,Census town,33757,Class III,India
Yerraguntla,Andhra Pradesh,Telugu,తెలుగు,Census town,32574,Class III,India
Pedana,Andhra Pradesh,Telugu,తెలుగు,Nagar Panchayat,29613,,India
Puttur,Andhra Pradesh,Telugu,తెలుగు,Census town,29436,,India
Renigunta,Andhra Pradesh,Telugu,తెలుగు,Census town,23862,,India
Rajam,Andhra Pradesh,Telugu,తెలుగు,Census town,23424,,India
Srisailam Project (Right Flank Colony) Township,Andhra Pradesh,Telugu,తెలుగు,Census town,23273,,India
Naharlagun,Arunachal Pradesh,English,English,Notified Town,36158,Class III,India
Pasighat,Arunachal Pradesh,English,English,Census town,21965,,India
Guwahati,Assam,Assamese,অসমীয়া,Municipal Corporation / Corporation,"9,63,429",Class I,India
Silchar,Assam,Assamese,অসমীয়া,Urban Agglomeration,"1,84,105",,India
Dibrugarh,Assam,Assamese,অসমীয়া,Municipal board,"1,38,661",Class I,India
Nagaon,Assam,Assamese,অসমীয়া,Municipal board,"1,16,355",Class I,India
Tinsukia,Assam,Assamese,অসমীয়া,Municipal board.,99448,Class II,India
Jorhat,Assam,Assamese,অসমীয়া,Municipal board,71782,Class II,India
Bongaigaon City,Assam,Assamese,অসমীয়া,Municipal board,67322,Class II,India
Dhubri,Assam,Assamese,অসমীয়া,Municipal board,63388,Class II,India
Diphu,Assam,Assamese,অসমীয়া,Town Committee / Town Area Committee,61797,Class II,India
North Lakhimpur,Assam,Assamese,অসমীয়া,Municipal board,59814,Class II,India
Tezpur,Assam,Assamese,অসমীয়া,Municipal board.,58559,Class II,India
Karimganj,Assam,Assamese,অসমীয়া,Municipal board,56854,Class II,India
Sibsagar,Assam,Assamese,অসমীয়া,Municipal board,53854,,India
Goalpara,Assam,Assamese,অসমীয়া,Municipal board,53430,Class II,India
Barpeta,Assam,Assamese,অসমীয়া,Municipal board,42649,Class III,India
Lanka,Assam,Assamese,অসমীয়া,Municipal board,36805,Class III,India
Lumding,Assam,Assamese,অসমীয়া,Municipal board,31347,Class III,India
Mankachar,Assam,Assamese,অসমীয়া,Census town,28780,,India
Nalbari,Assam,Assamese,অসমীয়া,Municipal board,27839,Class III,India
Rangia,Assam,Assamese,অসমীয়া,Municipal board,25151,,India
Margherita,Assam,Assamese,অসমীয়া,Census town,24049,,India
Mangaldoi,Assam,Assamese,অসমীয়া,Municipal board,23920,,India
Silapathar,Assam,Assamese,অসমীয়া,Town Committee / Town Area Committee,22516,,India
Mariani,Assam,Assamese,অসমীয়া,Town Committee / Town Area Committee,20997,,India
Marigaon,Assam,Assamese,অসমীয়া,Town Committee / Town Area Committee,20811,,India
Patna,Bihar,Hindi,हिन्दी,Municipal Corporation / Corporation.,"22,31,554",,India
Gaya,Bihar,Hindi,हिन्दी,Municipal Corporation / Corporation.,"4,63,454",Class I,India
Bhagalpur,Bihar,Hindi,हिन्दी,Municipal Corporation / Corporation.,"3,98,138",Class I,India
Muzaffarpur,Bihar,Hindi,हिन्दी,Municipal Corporation / Corporation.,"3,51,838",Class I,India
Darbhanga,Bihar,Hindi,हिन्दी,Municipal Corporation / Corporation.,"2,94,116",Class I,India
Arrah,Bihar,Hindi,हिन्दी,Municipal Corporation / Corporation.,"2,61,099",Class I,India
Begusarai,Bihar,Hindi,हिन्दी,Municipal Corporation / Corporation.,"2,51,136",Class I,India
Chhapra,Bihar,Hindi,हिन्दी,Municipal Corporation / Corporation,"2,49,555",Class I,India
Katihar,Bihar,Hindi,हिन्दी,Municipal Corporation / Corporation,"2,25,982",Class I,India
Munger,Bihar,Hindi,हिन्दी,Municipal Corporation / Corporation,"2,13,101",Class I,India
Purnia,Bihar,Hindi,हिन्दी,Municipal Corporation / Corporation.,"1,97,211",,India
Saharsa,Bihar,Hindi,हिन्दी,Nagar Panchayat,"1,55,175",Class I,India
Sasaram,Bihar,Hindi,हिन्दी,Nagar Panchayat,"1,47,396",Class I,India
Hajipur,Bihar,Hindi,हिन्दी,Nagar Panchayat,"1,47,126",Class I,India
Dehri-on-Sone,Bihar,Hindi,हिन्दी,Nagar Panchayat,"1,37,068",Class I,India
Bettiah,Bihar,Hindi,हिन्दी,Nagar Panchayat,"1,32,896",Class I,India
Motihari,Bihar,Hindi,हिन्दी,Nagar Panchayat,"1,25,183",Class I,India
Bagaha,Bihar,Hindi,हिन्दी,Nagar Panchayat,"1,13,012",Class I,India
Siwan,Bihar,Hindi,हिन्दी,Municipality,"1,09,919",,India
Kishanganj,Bihar,Hindi,हिन्दी,Nagar Panchayat,"1,07,076",Class I,India
Jamalpur,Bihar,Hindi,हिन्दी,Nagar Panchayat,"1,05,221",Class I,India
Buxar,Bihar,Hindi,हिन्दी,Nagar Panchayat,"1,02,591",Class I,India
Jehanabad,Bihar,Hindi,हिन्दी,Nagar Panchayat,"1,02,456",Class I,India
Aurangabad,Bihar,Hindi,हिन्दी,Nagar Panchayat.,"1,01,520",Class I,India
Lakhisarai,Bihar,Hindi,हिन्दी,Nagar Panchayat,99979,Class II,India
Nawada,Bihar,Hindi,हिन्दी,Nagar Parishad,98029,Class II,India
Jamui,Bihar,Hindi,हिन्दी,Nagar Panchayat,87357,Class II,India
Sitamarhi,Bihar,Hindi,हिन्दी,Urban Agglomeration,87279,,India
Araria,Bihar,Hindi,हिन्दी,Nagar Panchayat.,79021,Class II,India
Gopalganj,Bihar,Hindi,हिन्दी,Nagar Panchayat,67339,Class II,India
Madhubani,Bihar,Hindi,हिन्दी,Municipality,66340,,India
Masaurhi,Bihar,Hindi,हिन्दी,Nagar Parishad,63248,,India
Samastipur,Bihar,Hindi,हिन्दी,Urban Agglomeration,61998,,India
Mokameh,Bihar,Hindi,हिन्दी,Municipality,56615,,India
Supaul,Bihar,Hindi,हिन्दी,Municipality,54085,,India
Dumraon,Bihar,Hindi,हिन्दी,Notified area committee / Notified Area Council,53618,Class II,India
Arwal,Bihar,Hindi,हिन्दी,Nagar Panchayat.,51849,Class II,India
Forbesganj,Bihar,Hindi,हिन्दी,Municipality,50475,Class II,India
BhabUrban Agglomeration,Bihar,Hindi,हिन्दी,Nagar Panchayat,50179,Class II,India
Narkatiaganj,Bihar,Hindi,हिन्दी,Nagar Parishad,49507,Class III,India
Naugachhia,Bihar,Hindi,हिन्दी,Nagar Panchayat,49069,Class III,India
Madhepura,Bihar,Hindi,हिन्दी,Municipality,45031,,India
Sheikhpura,Bihar,Hindi,हिन्दी,Municipality,43113,,India
Sultanganj,Bihar,Hindi,हिन्दी,Notified area,41958,,India
Raxaul Bazar,Bihar,Hindi,हिन्दी,Municipality,41610,,India
Ramnagar,Bihar,Hindi,हिन्दी,Notified area,38554,,India
Mahnar Bazar,Bihar,Hindi,हिन्दी,Municipality,37370,,India
Warisaliganj,Bihar,Hindi,हिन्दी,Nagar Panchayat.,34056,Class III,India
Revelganj,Bihar,Hindi,हिन्दी,Municipality,34042,,India
Rajgir,Bihar,Hindi,हिन्दी,Notified area,33738,,India
Sonepur,Bihar,Hindi,हिन्दी,Notified area,33490,,India
Sherghati,Bihar,Hindi,हिन्दी,Notified area,32526,,India
Sugauli,Bihar,Hindi,हिन्दी,Notified area,31432,,India
Makhdumpur,Bihar,Hindi,हिन्दी,Notified area,30109,,India
Maner,Bihar,Hindi,हिन्दी,Notified area,30082,,India
Rosera,Bihar,Hindi,हिन्दी,Municipality,27492,,India
Nokha,Bihar,Hindi,हिन्दी,Nagar Panchayat,27302,Class III,India
Piro,Bihar,Hindi,हिन्दी,Notified area,25811,,India
Rafiganj,Bihar,Hindi,हिन्दी,Notified area,24992,,India
Marhaura,Bihar,Hindi,हिन्दी,Notified area,24548,,India
Mirganj,Bihar,Hindi,हिन्दी,Notified area,23576,,India
Lalganj,Bihar,Hindi,हिन्दी,Notified area committee / Notified Area Council,23124,Class III,India
Murliganj,Bihar,Hindi,हिन्दी,Notified area,22936,,India
Motipur,Bihar,Hindi,हिन्दी,Notified area,21957,,India
Manihari,Bihar,Hindi,हिन्दी,Notified area,21803,,India
Sheohar,Bihar,Hindi,हिन्दी,Notified area,21262,,India
Maharajganj,Bihar,Hindi,हिन्दी,Notified area,20860,,India
Silao,Bihar,Hindi,हिन्दी,Notified area,20177,,India
Barh,Bihar,Hindi,हिन्दी,Census town,10803,Class IV,India
Asarganj,Bihar,Hindi,हिन्दी,Census town.,6327,Class V,India
Chandigarh,Chandigarh,Hindi,हिन्दी,Municipal Corporation / Corporation.,"9,60,787",Class I,India
Raipur,Chhattisgarh,Hindi,हिन्दी,Municipal Committee,"11,22,555",,India
Bhilai Nagar,Chhattisgarh,Hindi,हिन्दी,Municipal Corporation / Corporation,"6,25,697",Class I,India
Korba,Chhattisgarh,Hindi,हिन्दी,Municipal Corporation / Corporation.,"3,63,210",Class I,India
Bilaspur,Chhattisgarh,Hindi,हिन्दी,Municipal Corporation / Corporation,"3,30,106",Class I,India
Durg,Chhattisgarh,Hindi,हिन्दी,Municipal Corporation / Corporation,"2,68,679",Class I,India
Rajnandgaon,Chhattisgarh,Hindi,हिन्दी,Municipal Corporation / Corporation.,"1,43,770",,India
Jagdalpur,Chhattisgarh,Hindi,हिन्दी,Municipal Corporation / Corporation,"1,25,345",Class I,India
Raigarh,Chhattisgarh,Hindi,हिन्दी,Urban Agglomeration,"1,15,908",,India
Ambikapur,Chhattisgarh,Hindi,हिन्दी,Municipal Corporation / Corporation.,"1,14,575",Class I,India
Mahasamund,Chhattisgarh,Hindi,हिन्दी,Municipality,85650,Class II,India
Dhamtari,Chhattisgarh,Hindi,हिन्दी,Municipality,82111,Class II,India
Chirmiri,Chhattisgarh,Hindi,हिन्दी,Municipal Corporation / Corporation.,69307,Class II,India
Bhatapara,Chhattisgarh,Hindi,हिन्दी,Municipality,57537,Class II,India
Dalli-Rajhara,Chhattisgarh,Hindi,हिन्दी,Municipality,44363,Class III,India
Naila Janjgir,Chhattisgarh,Hindi,हिन्दी,Municipality,40561,Class III,India
Tilda Newra,Chhattisgarh,Hindi,हिन्दी,Municipality,32331,Class III,India
Mungeli,Chhattisgarh,Hindi,हिन्दी,Urban Agglomeration,31613,,India
Manendragarh,Chhattisgarh,Hindi,हिन्दी,Municipality,30758,,India
Sakti,Chhattisgarh,Hindi,हिन्दी,Nagar Panchayat,20213,,India
Silvassa,Dadra and Nagar Haveli,English,English,Census town,21893,,India
Delhi,Delhi,Hindi,हिन्दी,Municipal Corporation / Corporation,"1,10,07,835",Class I,India
New Delhi,Delhi,Hindi,हिन्दी,Municipal Council,"2,49,998",Class I,India
Marmagao,Goa,Konkani,ಕೊಂಕಣಿ,Urban Agglomeration,"1,04,758",,India
Panaji,Goa,Konkani,ಕೊಂಕಣಿ,Urban Agglomeration,99677,,India
Margao,Goa,Konkani,ಕೊಂಕಣಿ,Urban Agglomeration,94383,,India
Mapusa,Goa,Konkani,ಕೊಂಕಣಿ,Municipal Council,40487,,India
Ahmedabad,Gujarat,Gujarati,ગુજરાતી,Municipal Corporation / Corporation.,"72,08,200",Class I,India
Surat,Gujarat,Gujarati,ગુજરાતી,Municipal Corporation / Corporation.,"28,76,374",,India
Vadodara,Gujarat,Gujarati,ગુજરાતી,Municipal Committee.,"16,66,703",Class I,India
Rajkot,Gujarat,Gujarati,ગુજરાતી,Urban Agglomeration,"16,06,745",,India
Bhavnagar,Gujarat,Gujarati,ગુજરાતી,Municipal Corporation / Corporation,"5,93,768",Class I,India
Jamnagar,Gujarat,Gujarati,ગુજરાતી,Municipal Corporation / Corporation,"5,29,308",Class I,India
Nadiad,Gujarat,Gujarati,ગુજરાતી,Municipality,"2,18,150",Class I,India
Porbandar,Gujarat,Gujarati,ગુજરાતી,Urban Agglomeration,"1,97,382",,India
Anand,Gujarat,Gujarati,ગુજરાતી,Municipality,"1,97,351",Class I,India
Morvi,Gujarat,Gujarati,ગુજરાતી,Municipality,"1,88,278",Class I,India
Mahesana,Gujarat,Gujarati,ગુજરાતી,Municipality,"1,84,133",Class I,India
Bharuch,Gujarat,Gujarati,ગુજરાતી,Municipality,"1,68,729",Class I,India
Vapi,Gujarat,Gujarati,ગુજરાતી,Municipality,"1,63,630",Class I,India
Navsari,Gujarat,Gujarati,ગુજરાતી,Municipality,"1,60,100",Class I,India
Veraval,Gujarat,Gujarati,ગુજરાતી,Municipality,"1,53,696",Class I,India
Bhuj,Gujarat,Gujarati,ગુજરાતી,Municipality,"1,47,123",Class I,India
Godhra,Gujarat,Gujarati,ગુજરાતી,Municipality,"1,43,126",Class I,India
Palanpur,Gujarat,Gujarati,ગુજરાતી,Municipality,"1,27,125",Class I,India
Valsad,Gujarat,Gujarati,ગુજરાતી,Municipality,"1,14,636",Class I,India
Patan,Gujarat,Gujarati,ગુજરાતી,Urban Agglomeration,"1,13,749",,India
Deesa,Gujarat,Gujarati,ગુજરાતી,,"1,11,149",Class I,India
Amreli,Gujarat,Gujarati,ગુજરાતી,Municipality,"1,05,980",Class I,India
Anjar,Gujarat,Gujarati,ગુજરાતી,Municipality,87183,Class II,India
Dhoraji,Gujarat,Gujarati,ગુજરાતી,Municipality,84545,Class II,India
Khambhat,Gujarat,Gujarati,ગુજરાતી,Municipality,83715,Class II,India
Mahuva,Gujarat,Gujarati,ગુજરાતી,Urban Agglomeration,80726,,India
Keshod,Gujarat,Gujarati,ગુજરાતી,Municipality,76193,Class II,India
Wadhwan,Gujarat,Gujarati,ગુજરાતી,Municipality,75755,Class II,India
Ankleshwar,Gujarat,Gujarati,ગુજરાતી,Municipality,73928,Class II,India
Savarkundla,Gujarat,Gujarati,ગુજરાતી,Municipality,73774,,India
Kadi,Gujarat,Gujarati,ગુજરાતી,Municipality,73228,Class II,India
Visnagar,Gujarat,Gujarati,ગુજરાતી,Municipality,63073,Class II,India
Upleta,Gujarat,Gujarati,ગુજરાતી,Municipality,58775,Class II,India
Una,Gujarat,Gujarati,ગુજરાતી,Municipality,58528,Class II,India
Sidhpur,Gujarat,Gujarati,ગુજરાતી,Urban Agglomeration,58194,,India
Unjha,Gujarat,Gujarati,ગુજરાતી,Municipality,57108,Class II,India
Mangrol,Gujarat,Gujarati,ગુજરાતી,Urban Agglomeration,56320,,India
Viramgam,Gujarat,Gujarati,ગુજરાતી,Municipality,55821,Class II,India
Modasa,Gujarat,Gujarati,ગુજરાતી,Municipality,54135,,India
Palitana,Gujarat,Gujarati,ગુજરાતી,Municipality,51944,,India
Petlad,Gujarat,Gujarati,ગુજરાતી,Municipality,51147,,India
Kapadvanj,Gujarat,Gujarati,ગુજરાતી,Municipality,49308,Class III,India
Sihor,Gujarat,Gujarati,ગુજરાતી,Municipality,46960,,India
Wankaner,Gujarat,Gujarati,ગુજરાતી,Municipality,43881,Class III,India
Limbdi,Gujarat,Gujarati,ગુજરાતી,Municipality,42769,Class III,India
Mandvi,Gujarat,Gujarati,ગુજરાતી,Municipality,42355,,India
Thangadh,Gujarat,Gujarati,ગુજરાતી,Municipality,42351,Class III,India
Vyara,Gujarat,Gujarati,ગુજરાતી,Municipality,39789,Class III,India
Padra,Gujarat,Gujarati,ગુજરાતી,Urban Agglomeration,39205,,India
Lunawada,Gujarat,Gujarati,ગુજરાતી,Municipality,36954,Class III,India
Rajpipla,Gujarat,Gujarati,ગુજરાતી,Municipality,34923,,India
Vapi,Gujarat,Gujarati,ગુજરાતી,Industrial Notified Area,34162,Class III,India
Umreth,Gujarat,Gujarati,ગુજરાતી,Municipality,33762,Class III,India
Sanand,Gujarat,Gujarati,ગુજરાતી,Municipality,32417,,India
Rajula,Gujarat,Gujarati,ગુજરાતી,Municipality,32395,,India
Radhanpur,Gujarat,Gujarati,ગુજરાતી,Municipality,32191,,India
Mahemdabad,Gujarat,Gujarati,ગુજરાતી,Municipality,30768,,India
Ranavav,Gujarat,Gujarati,ગુજરાતી,Urban Agglomeration,29645,,India
Tharad,Gujarat,Gujarati,ગુજરાતી,Municipality,27954,Class III,India
Mansa,Gujarat,Gujarati,ગુજરાતી,Municipality,27922,,India
Umbergaon,Gujarat,Gujarati,ગુજરાતી,Municipality,27859,Class III,India
Talaja,Gujarat,Gujarati,ગુજરાતી,Municipality,27822,Class III,India
Vadnagar,Gujarat,Gujarati,ગુજરાતી,Municipality,27790,Class III,India
Manavadar,Gujarat,Gujarati,ગુજરાતી,Municipality,27563,,India
Salaya,Gujarat,Gujarati,ગુજરાતી,Municipality,26875,,India
Vijapur,Gujarat,Gujarati,ગુજરાતી,Municipality,25558,Class III,India
Pardi,Gujarat,Gujarati,ગુજરાતી,Municipality,25275,,India
Rapar,Gujarat,Gujarati,ગુજરાતી,Municipality,23057,,India
Songadh,Gujarat,Gujarati,ગુજરાતી,Municipality,22431,,India
Lathi,Gujarat,Gujarati,ગુજરાતી,Municipality,21173,Class III,India
Adalaj,Gujarat,Gujarati,ગુજરાતી,Census town.,11957,Class IV,India
Chhapra,Gujarat,Gujarati,ગુજરાતી,Census town,10147,Class IV,India
Faridabad,Haryana,Hindi,हिन्दी,Municipal Corporation / Corporation.,"14,04,653",Class I,India
Gurgaon,Haryana,Hindi,हिन्दी,Municipal Corporation / Corporation.,"8,76,824",Class I,India
Hisar,Haryana,Hindi,हिन्दी,Municipal Council,"3,01,249",Class I,India
Rohtak,Haryana,Hindi,हिन्दी,Municipal Corporation / Corporation.,"2,94,577",,India
Panipat,Haryana,Hindi,हिन्दी,Municipal Council,"2,94,150",Class I,India
Karnal,Haryana,Hindi,हिन्दी,Municipal Council,"2,86,974",Class I,India
Sonipat,Haryana,Hindi,हिन्दी,Urban Agglomeration,"2,25,074",,India
Yamunanagar,Haryana,Hindi,हिन्दी,Municipal Council,"2,16,628",Class I,India
Panchkula,Haryana,Hindi,हिन्दी,Municipal Council,"2,10,175",Class I,India
Bhiwani,Haryana,Hindi,हिन्दी,Municipal Council,"1,97,662",Class I,India
Bahadurgarh,Haryana,Hindi,हिन्दी,Municipal Council,"1,70,426",Class I,India
Jind,Haryana,Hindi,हिन्दी,Municipal Council,"1,66,225",Class I,India
Sirsa,Haryana,Hindi,हिन्दी,Municipal Council,"1,60,735",,India
Thanesar,Haryana,Hindi,हिन्दी,Municipal Council,"1,54,962",Class I,India
Kaithal,Haryana,Hindi,हिन्दी,Municipal Council,"1,44,633",Class I,India
Palwal,Haryana,Hindi,हिन्दी,Municipal Council,"1,27,931",Class I,India
Rewari,Haryana,Hindi,हिन्दी,Municipal Council,"1,00,684",,India
Hansi,Haryana,Hindi,हिन्दी,Municipal Council,86770,Class II,India
Narnaul,Haryana,Hindi,हिन्दी,Municipal Council,74581,Class II,India
Fatehabad,Haryana,Hindi,हिन्दी,Municipal Council,70777,Class II,India
Gohana,Haryana,Hindi,हिन्दी,Municipal Committee,65708,Class II,India
Tohana,Haryana,Hindi,हिन्दी,Municipal Committee,63871,Class II,India
Narwana,Haryana,Hindi,हिन्दी,Municipal Council,62090,Class II,India
Mandi Dabwali,Haryana,Hindi,हिन्दी,Municipal Committee,53811,,India
Charkhi Dadri,Haryana,Hindi,हिन्दी,Nagar Palika Parishad,49985,Class III,India
Shahbad,Haryana,Hindi,हिन्दी,Municipal Committee,37289,,India
Pehowa,Haryana,Hindi,हिन्दी,Municipal Committee,33564,,India
Samalkha,Haryana,Hindi,हिन्दी,Municipal Committee,29866,,India
Pinjore,Haryana,Hindi,हिन्दी,Urban Agglomeration,29609,,India
Ladwa,Haryana,Hindi,हिन्दी,Municipal Committee,28887,Class III,India
Sohna,Haryana,Hindi,हिन्दी,Municipal Committee,27570,,India
Safidon,Haryana,Hindi,हिन्दी,Municipal Committee,27541,,India
Taraori,Haryana,Hindi,हिन्दी,Municipal Committee.,25944,Class III,India
Mahendragarh,Haryana,Hindi,हिन्दी,Municipal Committee,24323,,India
Ratia,Haryana,Hindi,हिन्दी,Municipal Committee,23826,,India
Rania,Haryana,Hindi,हिन्दी,Municipal Committee,20961,,India
Sarsod,Haryana,Hindi,हिन्दी,Gram Panchayat,4630,,India
Shimla,Himachal Pradesh,Hindi,हिन्दी,Urban Agglomeration,"1,44,975",,India
Mandi,Himachal Pradesh,Hindi,हिन्दी,Municipal Council,60387,,India
Solan,Himachal Pradesh,Hindi,हिन्दी,Municipal Council,34206,,India
Nahan,Himachal Pradesh,Hindi,हिन्दी,Municipal Council,28899,Class III,India
Sundarnagar,Himachal Pradesh,Hindi,हिन्दी,Municipal Council,23986,,India
Palampur,Himachal Pradesh,Hindi,हिन्दी,Town Panchayat,23331,,India
Srinagar,Jammu and Kashmir,Urdu,اُردُو‎,Urban Agglomeration,"11,92,792",,India
Jammu,Jammu and Kashmir,Urdu,اُردُو‎,Municipal Committee,"5,03,690",Class I,India
Baramula,Jammu and Kashmir,Urdu,اُردُو‎,Municipal Council,"1,67,986",Class I,India
Anantnag,Jammu and Kashmir,Urdu,اُردُو‎,Municipal Council,"1,08,505",Class I,India
Sopore,Jammu and Kashmir,Urdu,اُردُو‎,Urban Agglomeration,66963,,India
KathUrban Agglomeration,Jammu and Kashmir,Urdu,اُردُو‎,Municipal Council,51991,Class II,India
Rajauri,Jammu and Kashmir,Urdu,اُردُو‎,Notified area committee / Notified Area Council,41552,,India
Punch,Jammu and Kashmir,Urdu,اُردُو‎,Municipal board,40987,,India
Udhampur,Jammu and Kashmir,Urdu,اُردُو‎,Urban Agglomeration,35507,Class III,India
Dhanbad,Jharkhand,Hindi,हिन्दी,Municipal Corporation / Corporation,"11,61,561",Class I,India
Ranchi,Jharkhand,Hindi,हिन्दी,Urban Agglomeration,"8,63,495",,India
Jamshedpur,Jharkhand,Hindi,हिन्दी,Notified area committee / Notified Area Council ,"6,29,659",Class I,India
Bokaro Steel City,Jharkhand,Hindi,हिन्दी,Census town,"4,13,934",Class I,India
Deoghar,Jharkhand,Hindi,हिन्दी,Municipal Corporation / Corporation,"2,03,116",Class I,India
Phusro,Jharkhand,Hindi,हिन्दी,Urban Agglomeration,"1,74,402",,India
Adityapur,Jharkhand,Hindi,हिन्दी,Nagar Panchayat.,"1,74,355",Class I,India
Hazaribag,Jharkhand,Hindi,हिन्दी,Nagar Panchayat,"1,42,494",Class I,India
Giridih,Jharkhand,Hindi,हिन्दी,Town Panchayat,"1,14,447",Class I,India
Ramgarh,Jharkhand,Hindi,हिन्दी,Urban Agglomeration,"1,10,496",,India
Jhumri Tilaiya,Jharkhand,Hindi,हिन्दी,Nagar Panchayat,87867,Class II,India
Saunda,Jharkhand,Hindi,हिन्दी,Census town,85075,,India
Sahibganj,Jharkhand,Hindi,हिन्दी,Municipality,80154,,India
Medininagar (Daltonganj),Jharkhand,Hindi,हिन्दी,Nagar Parishad,78396,Class II,India
Chaibasa,Jharkhand,Hindi,हिन्दी,Nagar Palika Parishad,69565,Class II,India
Chatra,Jharkhand,Hindi,हिन्दी,Municipality,49985,Class III,India
Gumia,Jharkhand,Hindi,हिन्दी,Census town,48141,Class III,India
Dumka,Jharkhand,Hindi,हिन्दी,Notified area committee / Notified Area Council,47584,Class III,India
Madhupur,Jharkhand,Hindi,हिन्दी,Municipality,47326,,India
Chirkunda,Jharkhand,Hindi,हिन्दी,Nagar Panchayat,45508,Class III,India
Pakaur,Jharkhand,Hindi,हिन्दी,Municipality,36029,,India
Simdega,Jharkhand,Hindi,हिन्दी,Notified area,33981,,India
Musabani,Jharkhand,Hindi,हिन्दी,Census town,33980,,India
Mihijam,Jharkhand,Hindi,हिन्दी,Notified area,33236,,India
Patratu,Jharkhand,Hindi,हिन्दी,Census town,32134,,India
Lohardaga,Jharkhand,Hindi,हिन्दी,Municipal Council,24125,Class III,India
Tenu dam-cum-Kathhara,Jharkhand,Hindi,हिन्दी,Census town.,22080,Class III,India
Bengaluru,Karnataka,Kannada,ಕನ್ನಡ,Municipal Corporation / Corporation,"84,25,970",Class I,India
Hubli-Dharwad,Karnataka,Kannada,ಕನ್ನಡ,Municipal Corporation / Corporation,"9,43,857",Class I,India
Belagavi,Karnataka,Kannada,ಕನ್ನಡ,Municipal Corporation / Corporation.,"4,88,292",Class I,India
Mangaluru,Karnataka,Kannada,ಕನ್ನಡ,Municipal Corporation / Corporation,"4,84,785",Class I,India
Davanagere,Karnataka,Kannada,ಕನ್ನಡ,Municipal Corporation / Corporation.,"4,35,128",Class I,India
Ballari,Karnataka,Kannada,ಕನ್ನಡ,Municipal Corporation / Corporation.,"4,09,644",Class I,India
Tumkur,Karnataka,Kannada,ಕನ್ನಡ,City Municipal Council,"3,05,821",Class I,India
Shivamogga,Karnataka,Kannada,ಕನ್ನಡ,City Municipal Council,"2,74,352",,India
Raayachuru,Karnataka,Kannada,ಕನ್ನಡ,City Municipal Council,"2,07,421",,India
Robertson Pet,Karnataka,Kannada,ಕನ್ನಡ,Urban Agglomeration,"1,57,084",,India
Kolar,Karnataka,Kannada,ಕನ್ನಡ,City Municipal Council,"1,38,553",Class I,India
Mandya,Karnataka,Kannada,ಕನ್ನಡ,City Municipal Council,"1,37,735",Class I,India
Udupi,Karnataka,Kannada,ಕನ್ನಡ,City Municipal Council.,"1,25,350",Class I,India
Chikkamagaluru,Karnataka,Kannada,ಕನ್ನಡ,City Municipal Council,"1,18,496",Class I,India
Karwar,Karnataka,Kannada,ಕನ್ನಡ,City Municipal Council,"1,10,000",Class I,India
Ranebennuru,Karnataka,Kannada,ಕನ್ನಡ,City Municipal Council,"1,06,365",,India
Ranibennur,Karnataka,Kannada,ಕನ್ನಡ,City Municipal Council,89618,,India
Ramanagaram,Karnataka,Kannada,ಕನ್ನಡ,City Municipal Council,79394,,India
Gokak,Karnataka,Kannada,ಕನ್ನಡ,City Municipal Council,79121,Class II,India
Yadgir,Karnataka,Kannada,ಕನ್ನಡ,City Municipal Council,74294,Class II,India
Rabkavi Banhatti,Karnataka,Kannada,ಕನ್ನಡ,City Municipal Council,70248,,India
Shahabad,Karnataka,Kannada,ಕನ್ನಡ,Urban Agglomeration,66550,,India
Sirsi,Karnataka,Kannada,ಕನ್ನಡ,Urban Agglomeration,65335,,India
Sindhnur,Karnataka,Kannada,ಕನ್ನಡ,Town Municipal Council,61262,,India
Tiptur,Karnataka,Kannada,ಕನ್ನಡ,City Municipal Council,59543,Class II,India
Arsikere,Karnataka,Kannada,ಕನ್ನಡ,Town Municipal Council,51336,Class II,India
Nanjangud,Karnataka,Kannada,ಕನ್ನಡ,Town Municipal Council,50598,Class II,India
Sagara,Karnataka,Kannada,ಕನ್ನಡ,Town Municipal Council,50131,,India
Sira,Karnataka,Kannada,ಕನ್ನಡ,Town Municipal Council,50088,,India
Puttur,Karnataka,Kannada,ಕನ್ನಡ,Town Municipal Council,48070,,India
Athni,Karnataka,Kannada,ಕನ್ನಡ,Town Municipal Council,45858,Class III,India
Mulbagal,Karnataka,Kannada,ಕನ್ನಡ,Town Municipal Council,44033,,India
Surapura,Karnataka,Kannada,ಕನ್ನಡ,Town Municipal Council,43622,,India
Siruguppa,Karnataka,Kannada,ಕನ್ನಡ,Town Panchayat,42919,,India
Mudhol,Karnataka,Kannada,ಕನ್ನಡ,Town Municipal Council,42461,,India
Sidlaghatta,Karnataka,Kannada,ಕನ್ನಡ,Town Municipal Council,41098,,India
Shahpur,Karnataka,Kannada,ಕನ್ನಡ,Town Municipal Council,38907,,India
Saundatti-Yellamma,Karnataka,Kannada,ಕನ್ನಡ,Town Municipal Council,38155,,India
Wadi,Karnataka,Kannada,ಕನ್ನಡ,Town Municipal Council,37988,Class III,India
Manvi,Karnataka,Kannada,ಕನ್ನಡ,Town Municipal Council,37613,,India
Nelamangala,Karnataka,Kannada,ಕನ್ನಡ,Town Municipal Council,37232,Class III,India
Lakshmeshwar,Karnataka,Kannada,ಕನ್ನಡ,Town Municipal Council,36754,Class III,India
Ramdurg,Karnataka,Kannada,ಕನ್ನಡ,Urban Agglomeration,36649,,India
Nargund,Karnataka,Kannada,ಕನ್ನಡ,Town Municipal Council,36291,Class III,India
Tarikere,Karnataka,Kannada,ಕನ್ನಡ,Town Municipal Council,35942,Class III,India
Malavalli,Karnataka,Kannada,ಕನ್ನಡ,Town Municipal Council,35851,,India
Savanur,Karnataka,Kannada,ಕನ್ನಡ,Town Municipal Council,35563,,India
Lingsugur,Karnataka,Kannada,ಕನ್ನಡ,Town Municipal Council,35411,Class III,India
Vijayapura,Karnataka,Kannada,ಕನ್ನಡ,Town Municipal Council,34866,Class III,India
Sankeshwara,Karnataka,Kannada,ಕನ್ನಡ,Town Municipal Council,32511,,India
Madikeri,Karnataka,Kannada,ಕನ್ನಡ,Town Municipal Council,32496,,India
Talikota,Karnataka,Kannada,ಕನ್ನಡ,Town Municipal Council,31693,Class III,India
Sedam,Karnataka,Kannada,ಕನ್ನಡ,Town Municipal Council,31539,,India
Shikaripur,Karnataka,Kannada,ಕನ್ನಡ,Town Municipal Council,31516,,India
Mahalingapura,Karnataka,Kannada,ಕನ್ನಡ,Town Municipal Council,30858,,India
Mudalagi,Karnataka,Kannada,ಕನ್ನಡ,Town Municipal Council,29893,,India
Muddebihal,Karnataka,Kannada,ಕನ್ನಡ,Town Municipal Council,28219,,India
Pavagada,Karnataka,Kannada,ಕನ್ನಡ,Town Panchayat,28068,,India
Malur,Karnataka,Kannada,ಕನ್ನಡ,Town Municipal Council,27815,,India
Sindhagi,Karnataka,Kannada,ಕನ್ನಡ,Town Municipal Council,27732,,India
Sanduru,Karnataka,Kannada,ಕನ್ನಡ,Town Panchayat,27614,,India
Afzalpur,Karnataka,Kannada,ಕನ್ನಡ,Town Panchayat,27088,Class III,India
Maddur,Karnataka,Kannada,ಕನ್ನಡ,Town Municipal Council,26521,,India
Madhugiri,Karnataka,Kannada,ಕನ್ನಡ,Town Municipal Council,26304,,India
Tekkalakote,Karnataka,Kannada,ಕನ್ನಡ,Town Panchayat,26224,Class III,India
Terdal,Karnataka,Kannada,ಕನ್ನಡ,Town Municipal Council,26088,Class III,India
Mudabidri,Karnataka,Kannada,ಕನ್ನಡ,Town Municipal Council,25713,,India
Magadi,Karnataka,Kannada,ಕನ್ನಡ,Town Municipal Council,25031,,India
Navalgund,Karnataka,Kannada,ಕನ್ನಡ,Town Municipal Council,24613,Class III,India
Shiggaon,Karnataka,Kannada,ಕನ್ನಡ,Town Panchayat,24327,,India
Shrirangapattana,Karnataka,Kannada,ಕನ್ನಡ,Town Municipal Council,23729,,India
Sindagi,Karnataka,Kannada,ಕನ್ನಡ,Town Municipal Council,23234,,India
Sakaleshapura,Karnataka,Kannada,ಕನ್ನಡ,Town Municipal Council,23176,,India
Srinivaspur,Karnataka,Kannada,ಕನ್ನಡ,Town Panchayat,22959,,India
Ron,Karnataka,Kannada,ಕನ್ನಡ,Town Panchayat,21643,,India
Mundargi,Karnataka,Kannada,ಕನ್ನಡ,Town Panchayat,20363,,India
Sadalagi,Karnataka,Kannada,ಕನ್ನಡ,Town Panchayat,20202,,India
Piriyapatna,Karnataka,Kannada,ಕನ್ನಡ,Census town,14924,,India
Adyar,Karnataka,Kannada,ಕನ್ನಡ,Census town.,7034,Class V,India
Mysore,Karnataka,Kannada,ಕನ್ನಡ,Municipal Corporation / Corporation.,"3,51,838",Class I,India
Thiruvananthapuram,Kerala,Malayalam,മലയാളം,Municipal Corporation / Corporation.,"7,52,490",Class I,India
Kochi,Kerala,Malayalam,മലയാളം,Municipal Corporation / Corporation,"6,01,574",Class I,India
Kozhikode,Kerala,Malayalam,മലയാളം,Municipal Corporation / Corporation,"4,32,097",Class I,India
Kollam,Kerala,Malayalam,മലയാളം,Municipal Corporation / Corporation,"3,49,033",Class I,India
Thrissur,Kerala,Malayalam,മലയാളം,Municipal Corporation / Corporation.,"3,15,596",Class I,India
Palakkad,Kerala,Malayalam,മലയാളം,Urban Agglomeration,"1,97,369",,India
Alappuzha,Kerala,Malayalam,മലയാളം,Municipality,"1,74,164",Class I,India
Malappuram,Kerala,Malayalam,മലയാളം,Municipality,"1,01,330",Class I,India
Ponnani,Kerala,Malayalam,മലയാളം,Municipality,87495,,India
Vatakara,Kerala,Malayalam,മലയാളം,Municipality,75295,Class II,India
Kanhangad,Kerala,Malayalam,മലയാളം,Municipality,73342,Class II,India
Taliparamba,Kerala,Malayalam,മലയാളം,Municipality,72465,Class II,India
Koyilandy,Kerala,Malayalam,മലയാളം,Municipality,71873,Class II,India
Neyyattinkara,Kerala,Malayalam,മലയാളം,Municipality,70850,Class II,India
Kayamkulam,Kerala,Malayalam,മലയാളം,Municipality,68634,Class II,India
Nedumangad,Kerala,Malayalam,മലയാളം,Municipality,60161,Class II,India
Kannur,Kerala,Malayalam,മലയാളം,Municipality,56823,Class II,India
Tirur,Kerala,Malayalam,മലയാളം,Municipality,56058,Class II,India
Kottayam,Kerala,Malayalam,മലയാളം,Municipality,55374,Class II,India
Kasaragod,Kerala,Malayalam,മലയാളം,Municipality,54172,Class II,India
Kunnamkulam,Kerala,Malayalam,മലയാളം,Municipality,54071,Class II,India
Ottappalam,Kerala,Malayalam,മലയാളം,Municipality,53792,Class II,India
Thiruvalla,Kerala,Malayalam,മലയാളം,Municipality,52883,Class II,India
Thodupuzha,Kerala,Malayalam,മലയാളം,Municipality,52045,Class II,India
Chalakudy,Kerala,Malayalam,മലയാളം,Municipality,49525,Class III,India
Changanassery,Kerala,Malayalam,മലയാളം,Municipality,47685,Class III,India
Punalur,Kerala,Malayalam,മലയാളം,Municipality,47235,,India
Nilambur,Kerala,Malayalam,മലയാളം,Census town,46366,Class III,India
Cherthala,Kerala,Malayalam,മലയാളം,Municipality,45827,Class III,India
Perinthalmanna,Kerala,Malayalam,മലയാളം,Municipality,44612,,India
Mattannur,Kerala,Malayalam,മലയാളം,Municipality,44313,,India
Shoranur,Kerala,Malayalam,മലയാളം,Municipality,42029,,India
Varkala,Kerala,Malayalam,മലയാളം,Municipality,40728,Class III,India
Paravoor,Kerala,Malayalam,മലയാളം,Municipality,38652,,India
Pathanamthitta,Kerala,Malayalam,മലയാളം,Municipality,38009,,India
Peringathur,Kerala,Malayalam,മലയാളം,Census town,37699,,India
Attingal,Kerala,Malayalam,മലയാളം,Municipality,37346,Class III,India
Kodungallur,Kerala,Malayalam,മലയാളം,Municipality,33935,Class III,India
Pappinisseri,Kerala,Malayalam,മലയാളം,Census town,33273,,India
Chittur-Thathamangalam,Kerala,Malayalam,മലയാളം,Municipality,32298,Class III,India
Muvattupuzha,Kerala,Malayalam,മലയാളം,Municipality,29246,,India
Adoor,Kerala,Malayalam,മലയാളം,Municipality,29171,Class III,India
Mavelikkara,Kerala,Malayalam,മലയാളം,Municipality,28439,,India
Mavoor,Kerala,Malayalam,മലയാളം,Census town,27845,,India
Perumbavoor,Kerala,Malayalam,മലയാളം,Municipality,26547,,India
Vaikom,Kerala,Malayalam,മലയാളം,Municipality,23234,Class III,India
Palai,Kerala,Malayalam,മലയാളം,Municipality,22640,,India
Panniyannur,Kerala,Malayalam,മലയാളം,Census town,20863,,India
Guruvayoor,Kerala,Malayalam,മലയാളം,Municipality,20510,Class III,India
Puthuppally,Kerala,Malayalam,മലയാളം,Municipality,18850,,India
Panamattom,Kerala,Malayalam,മലയാളം,Notified area,10032,,India
Indore,Madhya Pradesh,Hindi,हिन्दी,Municipal Corporation / Corporation.,"19,60,631",Class I,India
Bhopal,Madhya Pradesh,Hindi,हिन्दी,Municipal Corporation / Corporation.,"17,95,648",Class I,India
Jabalpur,Madhya Pradesh,Hindi,हिन्दी,Municipal Corporation / Corporation,"10,54,336",Class I,India
Gwalior,Madhya Pradesh,Hindi,हिन्दी,Municipal Corporation / Corporation,"10,53,505",Class I,India
Ujjain,Madhya Pradesh,Hindi,हिन्दी,Municipal Corporation / Corporation.,"5,15,215",Class I,India
Sagar,Madhya Pradesh,Hindi,हिन्दी,Urban Agglomeration,"3,08,922",,India
Ratlam,Madhya Pradesh,Hindi,हिन्दी,Urban Agglomeration,"2,73,892",,India
Satna,Madhya Pradesh,Hindi,हिन्दी,Urban Agglomeration,"2,29,307",,India
Murwara (Katni),Madhya Pradesh,Hindi,हिन्दी,Municipal Corporation / Corporation,"2,21,875",Class I,India
Morena,Madhya Pradesh,Hindi,हिन्दी,Municipality,"2,00,506",Class I,India
Singrauli,Madhya Pradesh,Hindi,हिन्दी,Municipal Corporation / Corporation.,"1,85,190",,India
Rewa,Madhya Pradesh,Hindi,हिन्दी,Municipal Corporation / Corporation.,"1,83,274",,India
Vidisha,Madhya Pradesh,Hindi,हिन्दी,Municipality,"1,55,959",Class I,India
Ganjbasoda,Madhya Pradesh,Hindi,हिन्दी,Nagar Panchayat.,"1,50,454",Class I,India
Shivpuri,Madhya Pradesh,Hindi,हिन्दी,Municipality,"1,46,892",,India
Mandsaur,Madhya Pradesh,Hindi,हिन्दी,Municipality,"1,41,468",Class I,India
Neemuch,Madhya Pradesh,Hindi,हिन्दी,Municipality,"1,28,108",Class I,India
Nagda,Madhya Pradesh,Hindi,हिन्दी,Municipality,"1,00,036",Class I,India
Itarsi,Madhya Pradesh,Hindi,हिन्दी,Municipality,99329,Class II,India
Sarni,Madhya Pradesh,Hindi,हिन्दी,Municipality,95012,,India
Sehore,Madhya Pradesh,Hindi,हिन्दी,Urban Agglomeration,92518,,India
Mhow Cantonment,Madhya Pradesh,Hindi,हिन्दी,Urban Agglomeration,92364,,India
Seoni,Madhya Pradesh,Hindi,हिन्दी,Municipality,89801,,India
Balaghat,Madhya Pradesh,Hindi,हिन्दी,Municipality,84261,Class II,India
Ashok Nagar,Madhya Pradesh,Hindi,हिन्दी,Municipality,81828,Class II,India
Tikamgarh,Madhya Pradesh,Hindi,हिन्दी,Municipality,79106,Class II,India
Shahdol,Madhya Pradesh,Hindi,हिन्दी,Municipality,78624,,India
Pithampur,Madhya Pradesh,Hindi,हिन्दी,Nagar Panchayat,68080,,India
Alirajpur,Madhya Pradesh,Hindi,हिन्दी,Municipality,65232,Class II,India
Mandla,Madhya Pradesh,Hindi,हिन्दी,Urban Agglomeration,60542,,India
Sheopur,Madhya Pradesh,Hindi,हिन्दी,Urban Agglomeration,58342,,India
Shajapur,Madhya Pradesh,Hindi,हिन्दी,Urban Agglomeration,57818,,India
Panna,Madhya Pradesh,Hindi,हिन्दी,Urban Agglomeration,52057,,India
Raghogarh-Vijaypur,Madhya Pradesh,Hindi,हिन्दी,Municipality,49173,,India
Sendhwa,Madhya Pradesh,Hindi,हिन्दी,Municipality,48941,,India
Sidhi,Madhya Pradesh,Hindi,हिन्दी,Municipality,45700,,India
Pipariya,Madhya Pradesh,Hindi,हिन्दी,Urban Agglomeration,44378,,India
Shujalpur,Madhya Pradesh,Hindi,हिन्दी,Municipality,42461,,India
Sironj,Madhya Pradesh,Hindi,हिन्दी,Municipality,42179,,India
Pandhurna,Madhya Pradesh,Hindi,हिन्दी,Municipality,40931,,India
Nowgong,Madhya Pradesh,Hindi,हिन्दी,Municipality,40580,Class III,India
Mandideep,Madhya Pradesh,Hindi,हिन्दी,Municipality,39859,,India
Sihora,Madhya Pradesh,Hindi,हिन्दी,Municipality,37870,,India
Raisen,Madhya Pradesh,Hindi,हिन्दी,Municipality,35702,,India
Lahar,Madhya Pradesh,Hindi,हिन्दी,Nagar Panchayat,35674,Class III,India
Maihar,Madhya Pradesh,Hindi,हिन्दी,Municipality,34342,,India
Sanawad,Madhya Pradesh,Hindi,हिन्दी,Municipality,34114,,India
Sabalgarh,Madhya Pradesh,Hindi,हिन्दी,Urban Agglomeration,34039,,India
Umaria,Madhya Pradesh,Hindi,हिन्दी,Municipality,33114,Class III,India
Porsa,Madhya Pradesh,Hindi,हिन्दी,Municipality,33103,,India
Narsinghgarh,Madhya Pradesh,Hindi,हिन्दी,Municipality,32329,Class III,India
Malaj Khand,Madhya Pradesh,Hindi,हिन्दी,Municipality,32296,,India
Sarangpur,Madhya Pradesh,Hindi,हिन्दी,Municipality,32294,,India
Mundi,Madhya Pradesh,Hindi,हिन्दी,Nagar Panchayat,30000,,India
Nepanagar,Madhya Pradesh,Hindi,हिन्दी,Municipality,29682,Class III,India
Pasan,Madhya Pradesh,Hindi,हिन्दी,Municipality,29565,,India
Mahidpur,Madhya Pradesh,Hindi,हिन्दी,Urban Agglomeration,29379,,India
Seoni-Malwa,Madhya Pradesh,Hindi,हिन्दी,Municipality,26202,,India
Rehli,Madhya Pradesh,Hindi,हिन्दी,Municipality,25890,,India
Manawar,Madhya Pradesh,Hindi,हिन्दी,Municipality,25467,,India
Rahatgarh,Madhya Pradesh,Hindi,हिन्दी,Nagar Panchayat,25215,,India
Panagar,Madhya Pradesh,Hindi,हिन्दी,Municipality,25199,,India
Wara Seoni,Madhya Pradesh,Hindi,हिन्दी,Municipality,25103,Class III,India
Tarana,Madhya Pradesh,Hindi,हिन्दी,Nagar Panchayat,24908,Class III,India
Sausar,Madhya Pradesh,Hindi,हिन्दी,Nagar Panchayat,24312,,India
Rajgarh,Madhya Pradesh,Hindi,हिन्दी,Nagar Panchayat,23937,,India
Niwari,Madhya Pradesh,Hindi,हिन्दी,Nagar Panchayat,23724,Class III,India
Mauganj,Madhya Pradesh,Hindi,हिन्दी,Nagar Panchayat,23024,,India
Manasa,Madhya Pradesh,Hindi,हिन्दी,Nagar Panchayat,22623,,India
Nainpur,Madhya Pradesh,Hindi,हिन्दी,Municipality,22607,Class III,India
Prithvipur,Madhya Pradesh,Hindi,हिन्दी,Nagar Panchayat,22535,,India
Sohagpur,Madhya Pradesh,Hindi,हिन्दी,Nagar Panchayat,22339,,India
Nowrozabad (Khodargama),Madhya Pradesh,Hindi,हिन्दी,Nagar Panchayat,21883,Class III,India
Shamgarh,Madhya Pradesh,Hindi,हिन्दी,Nagar Panchayat,21507,,India
Maharajpur,Madhya Pradesh,Hindi,हिन्दी,Nagar Panchayat,21490,,India
Multai,Madhya Pradesh,Hindi,हिन्दी,Nagar Panchayat,21423,,India
Pali,Madhya Pradesh,Hindi,हिन्दी,Nagar Panchayat,20942,,India
Pachore,Madhya Pradesh,Hindi,हिन्दी,Nagar Panchayat,20939,,India
Rau,Madhya Pradesh,Hindi,हिन्दी,Nagar Panchayat,20855,,India
Mhowgaon,Madhya Pradesh,Hindi,हिन्दी,Nagar Panchayat,20523,,India
Vijaypur,Madhya Pradesh,Hindi,हिन्दी,Nagar Panchayat.,16964,Class IV,India
Narsinghgarh,Madhya Pradesh,Hindi,हिन्दी,Census town,6735,Class V,India
Mumbai,Maharashtra,Marathi,मराठी,Municipal Corporation / Corporation,"1,35,97,924",Class I,India
Pune,Maharashtra,Marathi,मराठी,Urban Agglomeration,"37,60,636",,India
Nagpur,Maharashtra,Marathi,मराठी,Municipal Corporation / Corporation,"24,05,421",Class I,India
Thane,Maharashtra,Marathi,मराठी,Municipal Corporation / Corporation.,"18,18,872",Class I,India
Nashik,Maharashtra,Marathi,मराठी,Municipal Corporation / Corporation,"14,86,973",Class I,India
Kalyan-Dombivali,Maharashtra,Marathi,मराठी,Municipal Corporation / Corporation.,"12,46,381",Class I,India
Vasai-Virar,Maharashtra,Marathi,मराठी,Municipal Corporation / Corporation.,"12,21,233",Class I,India
Solapur,Maharashtra,Marathi,मराठी,Municipal Corporation / Corporation.,"8,72,478",,India
Mira-Bhayandar,Maharashtra,Marathi,मराठी,Municipal Corporation / Corporation,"8,14,655",Class I,India
Bhiwandi,Maharashtra,Marathi,मराठी,Municipal Corporation / Corporation.,"7,11,329",Class I,India
Amravati,Maharashtra,Marathi,मराठी,Municipal Corporation / Corporation,"6,46,801",Class I,India
Nanded-Waghala,Maharashtra,Marathi,मराठी,Municipal Corporation / Corporation.,"5,50,564",Class I,India
Sangli,Maharashtra,Marathi,मराठी,Urban Agglomeration,"5,13,862",,India
Malegaon,Maharashtra,Marathi,मराठी,Municipal Corporation / Corporation,"4,71,006",Class I,India
Akola,Maharashtra,Marathi,मराठी,Municipal Corporation / Corporation.,"4,27,146",Class I,India
Latur,Maharashtra,Marathi,मराठी,Municipal Council,"3,82,754",Class I,India
Dhule,Maharashtra,Marathi,मराठी,Municipal Corporation / Corporation,"3,76,093",Class I,India
Ahmednagar,Maharashtra,Marathi,मराठी,Municipal Corporation / Corporation.,"3,50,905",Class I,India
Ichalkaranji,Maharashtra,Marathi,मराठी,Municipal Council,"2,87,570",Class I,India
Parbhani,Maharashtra,Marathi,मराठी,Municipal Council,"2,59,329",,India
Panvel,Maharashtra,Marathi,मराठी,Municipal Council,"2,04,336",,India
Yavatmal,Maharashtra,Marathi,मराठी,Municipal Council,"1,16,714",Class I,India
Achalpur,Maharashtra,Marathi,मराठी,Municipal Council,"1,12,293",Class I,India
Osmanabad,Maharashtra,Marathi,मराठी,Municipal Council,"1,12,085",Class I,India
Nandurbar,Maharashtra,Marathi,मराठी,Municipal Council,"1,11,067",Class I,India
Satara,Maharashtra,Marathi,मराठी,Municipal Council,"1,08,048",,India
Wardha,Maharashtra,Marathi,मराठी,Municipal Council,"1,06,444",Class I,India
Udgir,Maharashtra,Marathi,मराठी,Municipal Council,"1,04,063",Class I,India
Aurangabad,Maharashtra,Marathi,मराठी,Municipal Corporation / Corporation.,"1,02,520",Class I,India
Amalner,Maharashtra,Marathi,मराठी,Municipal Council,95994,Class II,India
Akot,Maharashtra,Marathi,मराठी,Municipal Council,92637,Class II,India
Pandharpur,Maharashtra,Marathi,मराठी,Municipal Council,91379,,India
Shrirampur,Maharashtra,Marathi,मराठी,Urban Agglomeration,88761,,India
Parli,Maharashtra,Marathi,मराठी,Municipal Council,88537,,India
Washim,Maharashtra,Marathi,मराठी,Municipal Council,78387,Class II,India
Ambejogai,Maharashtra,Marathi,मराठी,Municipal Council,73975,Class II,India
Manmad,Maharashtra,Marathi,मराठी,Municipal Council,72401,,India
Ratnagiri,Maharashtra,Marathi,मराठी,Municipal Council,70383,,India
Uran Islampur,Maharashtra,Marathi,मराठी,Municipal Council,67391,Class II,India
Pusad,Maharashtra,Marathi,मराठी,Municipal Council,67116,,India
Sangamner,Maharashtra,Marathi,मराठी,Municipal Council,61958,,India
Shirpur-Warwade,Maharashtra,Marathi,मराठी,Municipal Council,61694,,India
Malkapur,Maharashtra,Marathi,मराठी,Municipal Council,61012,,India
Wani,Maharashtra,Marathi,मराठी,Municipal Council,58840,Class II,India
Lonavla,Maharashtra,Marathi,मराठी,Municipal Council,57698,Class II,India
Talegaon Dabhade,Maharashtra,Marathi,मराठी,Municipal Council,56435,Class II,India
Anjangaon,Maharashtra,Marathi,मराठी,Municipal Council,56380,Class II,India
Umred,Maharashtra,Marathi,मराठी,Municipal Council,53971,Class II,India
Palghar,Maharashtra,Marathi,मराठी,Municipal Council,52677,,India
Shegaon,Maharashtra,Marathi,मराठी,Municipal Council,52423,,India
Ozar,Maharashtra,Marathi,मराठी,Census town,51297,Class II,India
Phaltan,Maharashtra,Marathi,मराठी,Municipal Council,50800,,India
Yevla,Maharashtra,Marathi,मराठी,Municipal Council,49826,Class III,India
Shahade,Maharashtra,Marathi,मराठी,Municipal Council,49696,,India
Vita,Maharashtra,Marathi,मराठी,Municipal Council,48289,Class III,India
Umarkhed,Maharashtra,Marathi,मराठी,Municipal Council,47458,Class III,India
Warora,Maharashtra,Marathi,मराठी,Municipal Council,46532,Class III,India
Pachora,Maharashtra,Marathi,मराठी,Municipal Council,45333,,India
Tumsar,Maharashtra,Marathi,मराठी,Municipal Council,44869,Class III,India
Manjlegaon,Maharashtra,Marathi,मराठी,Municipal Council,44029,,India
Sillod,Maharashtra,Marathi,मराठी,Municipal Council,43867,,India
Arvi,Maharashtra,Marathi,मराठी,Municipal Council,42822,Class III,India
Nandura,Maharashtra,Marathi,मराठी,Municipal Council,42167,Class III,India
Vaijapur,Maharashtra,Marathi,मराठी,Municipal Council,41296,Class III,India
Wadgaon Road,Maharashtra,Marathi,मराठी,Census town.,40884,Class III,India
Sailu,Maharashtra,Marathi,मराठी,Municipal Council,39851,,India
Murtijapur,Maharashtra,Marathi,मराठी,Municipal Council,38554,,India
Tasgaon,Maharashtra,Marathi,मराठी,Municipal Council,37945,Class III,India
Mehkar,Maharashtra,Marathi,मराठी,Municipal Council,37715,,India
Yawal,Maharashtra,Marathi,मराठी,Municipal Council,36706,Class III,India
Pulgaon,Maharashtra,Marathi,मराठी,Municipal Council,36522,,India
Nilanga,Maharashtra,Marathi,मराठी,Municipal Council,36172,Class III,India
Wai,Maharashtra,Marathi,मराठी,Municipal Council,36025,Class III,India
Umarga,Maharashtra,Marathi,मराठी,Municipal Council,35477,Class III,India
Paithan,Maharashtra,Marathi,मराठी,Municipal Council,34518,,India
Rahuri,Maharashtra,Marathi,मराठी,Municipal Council,34476,,India
Nawapur,Maharashtra,Marathi,मराठी,Municipal Council,34207,Class III,India
Tuljapur,Maharashtra,Marathi,मराठी,Municipal Council,34011,Class III,India
Morshi,Maharashtra,Marathi,मराठी,Municipal Council,33607,,India
Purna,Maharashtra,Marathi,मराठी,Municipal Council,33225,,India
Satana,Maharashtra,Marathi,मराठी,Municipal Council,32561,,India
Pathri,Maharashtra,Marathi,मराठी,Municipal Council,32001,,India
Sinnar,Maharashtra,Marathi,मराठी,Municipal Council,31630,,India
Uchgaon,Maharashtra,Marathi,मराठी,Census town,31238,Class III,India
Uran,Maharashtra,Marathi,मराठी,Municipal Council,30439,Class III,India
Pen,Maharashtra,Marathi,मराठी,Municipal Council,30201,,India
Karjat,Maharashtra,Marathi,मराठी,Municipal Council,29663,Class III,India
Manwath,Maharashtra,Marathi,मराठी,Municipal Council,29218,,India
Partur,Maharashtra,Marathi,मराठी,Municipal Council,29012,,India
Sangole,Maharashtra,Marathi,मराठी,Municipal Council,28116,,India
Mangrulpir,Maharashtra,Marathi,मराठी,Municipal Council,27815,,India
Risod,Maharashtra,Marathi,मराठी,Municipal Council,27516,,India
Shirur,Maharashtra,Marathi,मराठी,Municipal Council,26999,,India
Savner,Maharashtra,Marathi,मराठी,Municipal Council,26712,,India
Sasvad,Maharashtra,Marathi,मराठी,Municipal Council,26689,,India
Pandharkaoda,Maharashtra,Marathi,मराठी,Municipal Council,26572,,India
Talode,Maharashtra,Marathi,मराठी,Municipal Council,26363,Class III,India
Shrigonda,Maharashtra,Marathi,मराठी,Municipal Council,26324,,India
Shirdi,Maharashtra,Marathi,मराठी,Municipal Council,26184,,India
Raver,Maharashtra,Marathi,मराठी,Municipal Council,25993,,India
Mukhed,Maharashtra,Marathi,मराठी,Municipal Council,25933,,India
Rajura,Maharashtra,Marathi,मराठी,Municipal Council,25843,,India
Vadgaon Kasba,Maharashtra,Marathi,मराठी,Municipal Council,25651,Class III,India
Tirora,Maharashtra,Marathi,मराठी,Municipal Council,25181,Class III,India
Mahad,Maharashtra,Marathi,मराठी,Municipal Council,24276,,India
Lonar,Maharashtra,Marathi,मराठी,Municipal Council,23416,Class III,India
Sawantwadi,Maharashtra,Marathi,मराठी,Municipal Council,22901,,India
Pathardi,Maharashtra,Marathi,मराठी,Municipal Council,22827,,India
Pauni,Maharashtra,Marathi,मराठी,Municipal Council,22587,,India
Ramtek,Maharashtra,Marathi,मराठी,Municipal Council,22516,,India
Mul,Maharashtra,Marathi,मराठी,Municipal Council,22330,,India
Soyagaon,Maharashtra,Marathi,मराठी,Census town,21819,,India
Mangalvedhe,Maharashtra,Marathi,मराठी,Municipal Council,21706,,India
Narkhed,Maharashtra,Marathi,मराठी,Municipal Council,21127,Class III,India
Shendurjana,Maharashtra,Marathi,मराठी,Municipal Council,21083,,India
Patur,Maharashtra,Marathi,मराठी,Municipal Council,20538,,India
Mhaswad,Maharashtra,Marathi,मराठी,Municipal Council,20500,,India
Loha,Maharashtra,Marathi,मराठी,Municipal Council,20148,Class III,India
Nandgaon,Maharashtra,Marathi,मराठी,Nagar Panchayat,11517,Class IV,India
Warud,Maharashtra,Marathi,मराठी,Municipal Council,6386,Class V,India
Imphal,Manipur,Manipuri,मराठी,Municipal Council,"2,64,986",Class I,India
Thoubal,Manipur,Manipuri,मराठी,Municipal Council,45947,Class III,India
Lilong,Manipur,Manipuri,मराठी,Nagar Panchayat,22888,Class III,India
Mayang Imphal,Manipur,Manipuri,मराठी,Nagar Panchayat,20532,,India
Shillong,Meghalaya,English,English,Urban Agglomeration,"2,67,662",,India
Tura,Meghalaya,English,English,Municipality,74858,Class II,India
Nongstoin,Meghalaya,English,English,Town Committee / Town Area Committee,28742,Class III,India
Aizawl,Mizoram,Hindi,हिन्दी,Notified Town,"2,91,822",Class I,India
Lunglei,Mizoram,Hindi,हिन्दी,Notified Town,57011,Class II,India
Saiha,Mizoram,Hindi,हिन्दी,Notified Town,19731,,India
Dimapur,Nagaland,English,English,Municipal Committee,"1,23,777",Class I,India
Kohima,Nagaland,English,English,Municipal Committee,99039,Class II,India
Zunheboto,Nagaland,English,English,Town Committee / Town Area Committee,37447,Class III,India
Tuensang,Nagaland,English,English,Town Committee / Town Area Committee,36774,Class III,India
Wokha,Nagaland,English,English,Town Committee / Town Area Committee.,35004,Class III,India
Mokokchung,Nagaland,English,English,Town Committee / Town Area Committee,31214,,India
Bhubaneswar,Odisha,Odia,ଓଡ଼ିଆ,Municipal Corporation / Corporation,"8,37,737",Class I,India
Cuttack,Odisha,Odia,ଓଡ଼ିଆ,Municipal Corporation / Corporation,"6,06,007",Class I,India
Raurkela,Odisha,Odia,ଓଡ଼ିଆ,Municipal Corporation / Corporation,"4,84,874",,India
Brahmapur,Odisha,Odia,ଓଡ଼ିଆ,Municipal Corporation / Corporation,"3,55,823",Class I,India
Sambalpur,Odisha,Odia,ଓଡ଼ିଆ,Municipal Corporation / Corporation.,"1,83,383",Class I,India
Puri,Odisha,Odia,ଓଡ଼ିଆ,Municipality,"1,57,837",,India
Baleshwar Town,Odisha,Odia,ଓଡ଼ିଆ,Municipality,"1,18,202",Class I,India
Baripada Town,Odisha,Odia,ଓଡ଼ିଆ,Municipality,"1,10,058",Class I,India
Bhadrak,Odisha,Odia,ଓଡ଼ିଆ,Municipality,"1,07,369",Class I,India
Balangir,Odisha,Odia,ଓଡ଼ିଆ,Municipality,98238,Class II,India
Jharsuguda,Odisha,Odia,ଓଡ଼ିଆ,Municipality,97730,Class II,India
Bargarh,Odisha,Odia,ଓଡ଼ିଆ,Municipality,80625,Class II,India
Paradip,Odisha,Odia,ଓଡ଼ିଆ,Notified area committee / Notified Area Council,73625,,India
Bhawanipatna,Odisha,Odia,ଓଡ଼ିଆ,Municipality,69045,Class II,India
Dhenkanal,Odisha,Odia,ଓଡ଼ିଆ,Municipality,67414,Class II,India
Barbil,Odisha,Odia,ଓଡ଼ିଆ,Municipality,66540,Class II,India
Kendujhar,Odisha,Odia,ଓଡ଼ିଆ,Municipality,60590,Class II,India
Sunabeda,Odisha,Odia,ଓଡ଼ିଆ,Notified area committee / Notified Area Council,58884,,India
Rayagada,Odisha,Odia,ଓଡ଼ିଆ,Municipality,57759,,India
Jatani,Odisha,Odia,ଓଡ଼ିଆ,Municipality,55925,Class II,India
Byasanagar,Odisha,Odia,ଓଡ଼ିଆ,Municipality,48911,Class III,India
Kendrapara,Odisha,Odia,ଓଡ଼ିଆ,Municipality,47006,Class III,India
Rajagangapur,Odisha,Odia,ଓଡ଼ିଆ,Municipality,43594,,India
Parlakhemundi,Odisha,Odia,ଓଡ଼ିଆ,Municipality,43097,,India
Talcher,Odisha,Odia,ଓଡ଼ିଆ,Municipality,40841,Class III,India
Sundargarh,Odisha,Odia,ଓଡ଼ିଆ,Municipality,38421,,India
Phulabani,Odisha,Odia,ଓଡ଼ିଆ,Notified area committee / Notified Area Council,33890,,India
Pattamundai,Odisha,Odia,ଓଡ଼ିଆ,Notified area committee / Notified Area Council,32730,,India
Titlagarh,Odisha,Odia,ଓଡ଼ିଆ,Notified area committee / Notified Area Council ,31258,Class III,India
Nabarangapur,Odisha,Odia,ଓଡ଼ିଆ,Municipality,29960,Class III,India
Soro,Odisha,Odia,ଓଡ଼ିଆ,Notified area committee / Notified Area Council,27794,,India
Malkangiri,Odisha,Odia,ଓଡ଼ିଆ,Notified area committee / Notified Area Council,23114,,India
Rairangpur,Odisha,Odia,ଓଡ଼ିଆ,Notified area committee / Notified Area Council,21896,,India
Tarbha,Odisha,Odia,ଓଡ଼ିଆ,Notified area committee / Notified Area Council.,8334,Class V,India
Pondicherry,Puducherry,Hindi,हिन्दी,Urban Agglomeration,"5,05,959",,India
Karaikal,Puducherry,Hindi,हिन्दी,Municipality,86838,Class II,India
Yanam,Puducherry,Hindi,हिन्दी,Municipality,55626,Class II,India
Mahe,Puducherry,Hindi,हिन्दी,Municipality,36828,,India
Ludhiana,Punjab,Punjabi,ਪੰਜਾਬੀ,Municipal Corporation / Corporation.,"16,13,878",Class I,India
Patiala,Punjab,Punjabi,ਪੰਜਾਬੀ,Municipal Corporation / Corporation.,"13,54,686",,India
Amritsar,Punjab,Punjabi,ਪੰਜਾਬੀ,Municipal Corporation / Corporation.,"11,32,761",Class I,India
Jalandhar,Punjab,Punjabi,ਪੰਜਾਬੀ,Municipal Corporation / Corporation,"8,62,196",Class I,India
Bathinda,Punjab,Punjabi,ਪੰਜਾਬੀ,Municipal Corporation / Corporation,"2,85,813",Class I,India
Pathankot,Punjab,Punjabi,ਪੰਜਾਬੀ,Urban Agglomeration,"1,68,485",,India
Hoshiarpur,Punjab,Punjabi,ਪੰਜਾਬੀ,Municipal Council,"1,68,443",Class I,India
Batala,Punjab,Punjabi,ਪੰਜਾਬੀ,Municipal Council,"1,56,400",Class I,India
Moga,Punjab,Punjabi,ਪੰਜਾਬੀ,Municipal Council,"1,50,432",Class I,India
Malerkotla,Punjab,Punjabi,ਪੰਜਾਬੀ,Municipal Council,"1,35,330",Class I,India
Khanna,Punjab,Punjabi,ਪੰਜਾਬੀ,Municipal Council,"1,28,130",Class I,India
Mohali,Punjab,Punjabi,ਪੰਜਾਬੀ,Municipal Council,"1,23,484",,India
Barnala,Punjab,Punjabi,ਪੰਜਾਬੀ,Municipal Council,"1,16,454",Class I,India
Firozpur,Punjab,Punjabi,ਪੰਜਾਬੀ,Municipal Council,"1,10,091",Class I,India
Phagwara,Punjab,Punjabi,ਪੰਜਾਬੀ,Urban Agglomeration,"1,02,253",,India
Kapurthala,Punjab,Punjabi,ਪੰਜਾਬੀ,Municipal Council,"1,01,654",Class I,India
Zirakpur,Punjab,Punjabi,ਪੰਜਾਬੀ,Municipal Council,95553,Class II,India
Kot Kapura,Punjab,Punjabi,ਪੰਜਾਬੀ,Municipal Council,91979,Class II,India
Faridkot,Punjab,Punjabi,ਪੰਜਾਬੀ,Municipal Council,85435,Class II,India
Muktsar,Punjab,Punjabi,ਪੰਜਾਬੀ,Municipal Council,83655,,India
Rajpura,Punjab,Punjabi,ਪੰਜਾਬੀ,Municipal Council,82956,,India
Sangrur,Punjab,Punjabi,ਪੰਜਾਬੀ,Municipal Council,77989,,India
Fazilka,Punjab,Punjabi,ਪੰਜਾਬੀ,Municipal Council,76492,Class II,India
Gurdaspur,Punjab,Punjabi,ਪੰਜਾਬੀ,Municipal Council,75549,Class II,India
Kharar,Punjab,Punjabi,ਪੰਜਾਬੀ,Municipal Council,74460,Class II,India
Gobindgarh,Punjab,Punjabi,ਪੰਜਾਬੀ,Municipal Council,73130,Class II,India
Mansa,Punjab,Punjabi,ਪੰਜਾਬੀ,Municipal Council,72627,,India
Malout,Punjab,Punjabi,ਪੰਜਾਬੀ,Municipal Council,70765,,India
Nabha,Punjab,Punjabi,ਪੰਜਾਬੀ,Municipal Council,67972,Class II,India
Tarn Taran,Punjab,Punjabi,ਪੰਜਾਬੀ,Municipal Council,66847,Class II,India
Jagraon,Punjab,Punjabi,ਪੰਜਾਬੀ,Municipal Council,65240,Class II,India
Sunam,Punjab,Punjabi,ਪੰਜਾਬੀ,Urban Agglomeration,56251,,India
Dhuri,Punjab,Punjabi,ਪੰਜਾਬੀ,Municipal Council,55225,Class II,India
Firozpur Cantt.,Punjab,Punjabi,ਪੰਜਾਬੀ,Cantonment Board / Cantonment,53199,Class II,India
Sirhind Fatehgarh Sahib,Punjab,Punjabi,ਪੰਜਾਬੀ,Municipal Council,49825,,India
Rupnagar,Punjab,Punjabi,ਪੰਜਾਬੀ,Municipal Council,49159,,India
Jalandhar Cantt.,Punjab,Punjabi,ਪੰਜਾਬੀ,Cantonment Board / Cantonment,47845,Class III,India
Samana,Punjab,Punjabi,ਪੰਜਾਬੀ,Municipal Council,46592,,India
Nawanshahr,Punjab,Punjabi,ਪੰਜਾਬੀ,Municipal Council,46024,Class III,India
Rampura Phul,Punjab,Punjabi,ਪੰਜਾਬੀ,Urban Agglomeration,44665,,India
Nangal,Punjab,Punjabi,ਪੰਜਾਬੀ,Municipal Council,41172,Class III,India
Nakodar,Punjab,Punjabi,ਪੰਜਾਬੀ,Municipal Council,36973,Class III,India
Zira,Punjab,Punjabi,ਪੰਜਾਬੀ,Municipal Council,36732,Class III,India
Patti,Punjab,Punjabi,ਪੰਜਾਬੀ,Municipal Council,34444,,India
Raikot,Punjab,Punjabi,ਪੰਜਾਬੀ,Municipal Council,24769,,India
Longowal,Punjab,Punjabi,ਪੰਜਾਬੀ,Municipal Council,23851,Class III,India
Urmar Tanda,Punjab,Punjabi,ਪੰਜਾਬੀ,Municipal Council,23419,Class III,India
"Morinda, India",Punjab,Punjabi,ਪੰਜਾਬੀ,Municipal Council,22635,,India
Phillaur,Punjab,Punjabi,ਪੰਜਾਬੀ,Municipal Council,22302,,India
Pattran,Punjab,Punjabi,ਪੰਜਾਬੀ,Nagar Panchayat,22175,,India
Qadian,Punjab,Punjabi,ਪੰਜਾਬੀ,Municipal Council,21899,Class III,India
Sujanpur,Punjab,Punjabi,ਪੰਜਾਬੀ,Municipal Council,21815,,India
Mukerian,Punjab,Punjabi,ਪੰਜਾਬੀ,Municipal Council,21384,,India
Talwara,Punjab,Punjabi,ਪੰਜਾਬੀ,Census town,19485,Class IV,India
Jaipur,Rajasthan,Hindi,हिन्दी,Municipal Corporation / Corporation,"30,73,350",Class I,India
Jodhpur,Rajasthan,Hindi,हिन्दी,Municipal Corporation / Corporation,"11,37,000",Class I,India
Bikaner,Rajasthan,Hindi,हिन्दी,Municipal Corporation / Corporation.,"6,44,406",Class I,India
Udaipur,Rajasthan,Hindi,हिन्दी,Municipal Corporation / Corporation,"5,98,483",Class I,India
Ajmer,Rajasthan,Hindi,हिन्दी,Municipal Corporation / Corporation.,"5,42,580",Class I,India
Bhilwara,Rajasthan,Hindi,हिन्दी,Municipality,"3,60,009",Class I,India
Alwar,Rajasthan,Hindi,हिन्दी,Municipal Council,"3,15,310",Class I,India
Bharatpur,Rajasthan,Hindi,हिन्दी,Municipal Corporation / Corporation.,"2,52,109",Class I,India
Pali,Rajasthan,Hindi,हिन्दी,Municipal Council,"2,29,956",Class I,India
Barmer,Rajasthan,Hindi,हिन्दी,Nagar Parishad,"1,89,715",Class I,India
Sikar,Rajasthan,Hindi,हिन्दी,Urban Agglomeration,"1,85,925",,India
Tonk,Rajasthan,Hindi,हिन्दी,Municipal Council,"1,65,363",Class I,India
Sadulpur,Rajasthan,Hindi,हिन्दी,Municipality,"1,22,326",,India
Sawai Madhopur,Rajasthan,Hindi,हिन्दी,Urban Agglomeration,"1,01,997",,India
Nagaur,Rajasthan,Hindi,हिन्दी,Municipality,"1,00,618",Class I,India
Makrana,Rajasthan,Hindi,हिन्दी,Urban Agglomeration,91853,,India
Sujangarh,Rajasthan,Hindi,हिन्दी,Municipality,83846,,India
Sardarshahar,Rajasthan,Hindi,हिन्दी,Municipality,81394,,India
Ladnu,Rajasthan,Hindi,हिन्दी,Municipality,65575,Class II,India
Ratangarh,Rajasthan,Hindi,हिन्दी,Municipality,63486,,India
Nokha,Rajasthan,Hindi,हिन्दी,Municipality,62699,Class II,India
Nimbahera,Rajasthan,Hindi,हिन्दी,Municipality,61949,Class II,India
Suratgarh,Rajasthan,Hindi,हिन्दी,Municipality,58119,,India
Rajsamand,Rajasthan,Hindi,हिन्दी,Municipality,55687,,India
Lachhmangarh,Rajasthan,Hindi,हिन्दी,Municipality,53392,Class II,India
Rajgarh (Churu),Rajasthan,Hindi,हिन्दी,Urban Agglomeration,51640,,India
Nasirabad,Rajasthan,Hindi,हिन्दी,Cantonment Board / Cantonment,50804,Class II,India
Nohar,Rajasthan,Hindi,हिन्दी,Municipality,49835,Class III,India
Phalodi,Rajasthan,Hindi,हिन्दी,Urban Agglomeration,44868,,India
Nathdwara,Rajasthan,Hindi,हिन्दी,Municipality,42016,Class III,India
Pilani,Rajasthan,Hindi,हिन्दी,Urban Agglomeration,40590,,India
Merta City,Rajasthan,Hindi,हिन्दी,Municipality,40252,,India
Sojat,Rajasthan,Hindi,हिन्दी,Municipality,38883,,India
Neem-Ka-Thana,Rajasthan,Hindi,हिन्दी,Municipality,36231,Class III,India
Sirohi,Rajasthan,Hindi,हिन्दी,Municipality,35544,,India
Pratapgarh,Rajasthan,Hindi,हिन्दी,Municipality,35422,,India
Rawatbhata,Rajasthan,Hindi,हिन्दी,Municipality,34690,,India
Sangaria,Rajasthan,Hindi,हिन्दी,Municipality,34537,,India
Lalsot,Rajasthan,Hindi,हिन्दी,Municipality,34363,Class III,India
Pilibanga,Rajasthan,Hindi,हिन्दी,Municipality,33608,,India
Pipar City,Rajasthan,Hindi,हिन्दी,Municipality,32735,,India
Taranagar,Rajasthan,Hindi,हिन्दी,Municipality,32640,Class III,India
"Vijainagar, Ajmer",Rajasthan,Hindi,हिन्दी,Municipality,32124,Class III,India
Sumerpur,Rajasthan,Hindi,हिन्दी,Municipality,31482,,India
Sagwara,Rajasthan,Hindi,हिन्दी,Municipality,31127,,India
Ramganj Mandi,Rajasthan,Hindi,हिन्दी,Municipality,30973,,India
Lakheri,Rajasthan,Hindi,हिन्दी,Municipality,29572,Class III,India
Udaipurwati,Rajasthan,Hindi,हिन्दी,Municipality,29236,Class III,India
Losal,Rajasthan,Hindi,हिन्दी,Municipality,28504,Class III,India
Sri Madhopur,Rajasthan,Hindi,हिन्दी,Municipality,28492,,India
Ramngarh,Rajasthan,Hindi,हिन्दी,Municipality,28458,,India
Rawatsar,Rajasthan,Hindi,हिन्दी,Municipality,28387,,India
Rajakhera,Rajasthan,Hindi,हिन्दी,Municipality,28349,,India
Shahpura,Rajasthan,Hindi,हिन्दी,Municipality,28174,,India
Shahpura,Rajasthan,Hindi,हिन्दी,Municipality,27792,,India
Raisinghnagar,Rajasthan,Hindi,हिन्दी,Municipality,27736,,India
Malpura,Rajasthan,Hindi,हिन्दी,Urban Agglomeration,27360,,India
Nadbai,Rajasthan,Hindi,हिन्दी,Municipality,26411,Class III,India
Sanchore,Rajasthan,Hindi,हिन्दी,Municipality,25884,,India
Nagar,Rajasthan,Hindi,हिन्दी,Municipality,25572,Class III,India
Rajgarh (Alwar),Rajasthan,Hindi,हिन्दी,Municipality,25009,,India
Sheoganj,Rajasthan,Hindi,हिन्दी,Municipality,24789,,India
Sadri,Rajasthan,Hindi,हिन्दी,Municipality,24413,,India
Todaraisingh,Rajasthan,Hindi,हिन्दी,Municipality,23559,Class III,India
Todabhim,Rajasthan,Hindi,हिन्दी,Municipality,22977,Class III,India
Reengus,Rajasthan,Hindi,हिन्दी,Municipality,22932,,India
Rajaldesar,Rajasthan,Hindi,हिन्दी,Municipality,22836,,India
Sadulshahar,Rajasthan,Hindi,हिन्दी,Municipality,22326,,India
Sambhar,Rajasthan,Hindi,हिन्दी,Municipality,22293,,India
Prantij,Rajasthan,Hindi,हिन्दी,Municipality,22282,,India
Mount Abu,Rajasthan,Hindi,हिन्दी,Municipality,22152,,India
Mangrol,Rajasthan,Hindi,हिन्दी,Municipality,21842,,India
Phulera,Rajasthan,Hindi,हिन्दी,Municipality,21643,,India
Mandawa,Rajasthan,Hindi,हिन्दी,Municipality,20830,,India
Pindwara,Rajasthan,Hindi,हिन्दी,Municipality,20765,,India
Mandalgarh,Rajasthan,Hindi,हिन्दी,Municipality,20169,,India
Takhatgarh,Rajasthan,Hindi,हिन्दी,Municipality,16729,Class IV,India
Chennai,Tamil Nadu,Tamil,தமிழ்,Municipal Corporation / Corporation.,"46,81,087",Class I,India
Coimbatore,Tamil Nadu,Tamil,தமிழ்,Municipal Corporation / Corporation,"10,61,447",Class I,India
Madurai,Tamil Nadu,Tamil,தமிழ்,Municipal Corporation / Corporation,"10,16,885",Class I,India
Tiruchirappalli,Tamil Nadu,Tamil,தமிழ்,Municipal Corporation / Corporation.,"8,46,915",Class I,India
Salem,Tamil Nadu,Tamil,தமிழ்,Municipal Corporation / Corporation,"8,31,038",Class I,India
Tirunelveli,Tamil Nadu,Tamil,தமிழ்,Municipal Corporation / Corporation.,"4,74,838",Class I,India
Tiruppur,Tamil Nadu,Tamil,தமிழ்,Municipal Corporation / Corporation,"4,44,543",Class I,India
Ranipet,Tamil Nadu,Tamil,தமிழ்,Urban Agglomeration,"2,62,346",,India
Nagercoil,Tamil Nadu,Tamil,தமிழ்,Municipality,"2,24,329",Class I,India
Thanjavur,Tamil Nadu,Tamil,தமிழ்,Municipality,"2,22,619",Class I,India
Vellore,Tamil Nadu,Tamil,தமிழ்,Municipal Corporation / Corporation.,"1,85,895",Class I,India
Kancheepuram,Tamil Nadu,Tamil,தமிழ்,Municipality,"1,64,265",Class I,India
Erode,Tamil Nadu,Tamil,தமிழ்,Municipal Corporation / Corporation.,"1,56,953",Class I,India
Tiruvannamalai,Tamil Nadu,Tamil,தமிழ்,Municipality,"1,44,683",Class I,India
Pollachi,Tamil Nadu,Tamil,தமிழ்,Urban Agglomeration,"1,28,458",,India
Rajapalayam,Tamil Nadu,Tamil,தமிழ்,Municipality,"1,22,307",,India
Sivakasi,Tamil Nadu,Tamil,தமிழ்,Urban Agglomeration,"1,21,358",,India
Pudukkottai,Tamil Nadu,Tamil,தமிழ்,Municipality,"1,09,217",,India
Neyveli (TS),Tamil Nadu,Tamil,தமிழ்,Census town,"1,05,687",Class I,India
Nagapattinam,Tamil Nadu,Tamil,தமிழ்,Municipality,"1,02,838",Class I,India
Viluppuram,Tamil Nadu,Tamil,தமிழ்,Municipality,96253,Class II,India
Tiruchengode,Tamil Nadu,Tamil,தமிழ்,Municipality,95335,Class II,India
Vaniyambadi,Tamil Nadu,Tamil,தமிழ்,Municipality,95061,Class II,India
Theni Allinagaram,Tamil Nadu,Tamil,தமிழ்,Municipality,94453,Class II,India
Udhagamandalam,Tamil Nadu,Tamil,தமிழ்,Municipality,88430,Class II,India
Aruppukkottai,Tamil Nadu,Tamil,தமிழ்,Municipality,87722,Class II,India
Paramakudi,Tamil Nadu,Tamil,தமிழ்,Municipality,84321,,India
Arakkonam,Tamil Nadu,Tamil,தமிழ்,Municipality,78395,Class II,India
Virudhachalam,Tamil Nadu,Tamil,தமிழ்,Municipality,73585,Class II,India
Srivilliputhur,Tamil Nadu,Tamil,தமிழ்,Municipality,73183,,India
Tindivanam,Tamil Nadu,Tamil,தமிழ்,Municipality,72796,Class II,India
Virudhunagar,Tamil Nadu,Tamil,தமிழ்,Municipality,72296,Class II,India
Karur,Tamil Nadu,Tamil,தமிழ்,Municipality,70980,Class II,India
Valparai,Tamil Nadu,Tamil,தமிழ்,Municipality,70859,Class II,India
Sankarankovil,Tamil Nadu,Tamil,தமிழ்,Municipality,70574,Class II,India
Tenkasi,Tamil Nadu,Tamil,தமிழ்,Municipality,70545,Class II,India
Palani,Tamil Nadu,Tamil,தமிழ்,Municipality,67231,,India
Pattukkottai,Tamil Nadu,Tamil,தமிழ்,Municipality,65533,,India
Tirupathur,Tamil Nadu,Tamil,தமிழ்,Municipality,64125,Class II,India
Ramanathapuram,Tamil Nadu,Tamil,தமிழ்,Municipality,62050,,India
Udumalaipettai,Tamil Nadu,Tamil,தமிழ்,Municipality,61133,Class II,India
Gobichettipalayam,Tamil Nadu,Tamil,தமிழ்,Municipality,59523,Class II,India
Thiruvarur,Tamil Nadu,Tamil,தமிழ்,Municipality,58301,Class II,India
Thiruvallur,Tamil Nadu,Tamil,தமிழ்,Municipality,56074,Class II,India
Panruti,Tamil Nadu,Tamil,தமிழ்,Municipality,55346,,India
Namakkal,Tamil Nadu,Tamil,தமிழ்,Municipality,55145,Class II,India
Thirumangalam,Tamil Nadu,Tamil,தமிழ்,Municipality,51194,Class II,India
Vikramasingapuram,Tamil Nadu,Tamil,தமிழ்,Municipality,47241,Class III,India
Nellikuppam,Tamil Nadu,Tamil,தமிழ்,Municipality,46678,Class III,India
Rasipuram,Tamil Nadu,Tamil,தமிழ்,Municipality,46330,,India
Tiruttani,Tamil Nadu,Tamil,தமிழ்,Municipality,44781,Class III,India
Nandivaram-Guduvancheri,Tamil Nadu,Tamil,தமிழ்,Town Panchayat,44098,Class III,India
Periyakulam,Tamil Nadu,Tamil,தமிழ்,Municipality,42012,,India
Pernampattu,Tamil Nadu,Tamil,தமிழ்,Town Panchayat,41499,,India
Vellakoil,Tamil Nadu,Tamil,தமிழ்,Municipality,40359,Class III,India
Sivaganga,Tamil Nadu,Tamil,தமிழ்,Urban Agglomeration,40220,,India
Vadalur,Tamil Nadu,Tamil,தமிழ்,Town Panchayat,39514,Class III,India
Rameshwaram,Tamil Nadu,Tamil,தமிழ்,Town Panchayat,37968,,India
Tiruvethipuram,Tamil Nadu,Tamil,தமிழ்,Municipality,37802,Class III,India
Perambalur,Tamil Nadu,Tamil,தமிழ்,Town Panchayat,37631,,India
Usilampatti,Tamil Nadu,Tamil,தமிழ்,Municipality,35219,Class III,India
Vedaranyam,Tamil Nadu,Tamil,தமிழ்,Municipality,34266,Class III,India
Sathyamangalam,Tamil Nadu,Tamil,தமிழ்,Municipality,33722,,India
Puliyankudi,Tamil Nadu,Tamil,தமிழ்,Municipality,33187,,India
Nanjikottai,Tamil Nadu,Tamil,தமிழ்,Census town,32689,Class III,India
Thuraiyur,Tamil Nadu,Tamil,தமிழ்,Municipality,32439,Class III,India
Sirkali,Tamil Nadu,Tamil,தமிழ்,Municipality,32228,,India
Tiruchendur,Tamil Nadu,Tamil,தமிழ்,Town Panchayat,32171,Class III,India
Periyasemur,Tamil Nadu,Tamil,தமிழ்,Town Panchayat,32024,,India
Sattur,Tamil Nadu,Tamil,தமிழ்,Municipality,31443,,India
Vandavasi,Tamil Nadu,Tamil,தமிழ்,Municipality,31320,Class III,India
Tharamangalam,Tamil Nadu,Tamil,தமிழ்,Town Panchayat,30222,Class III,India
Tirukkoyilur,Tamil Nadu,Tamil,தமிழ்,Town Panchayat,30212,Class III,India
Oddanchatram,Tamil Nadu,Tamil,தமிழ்,Town Panchayat,30064,Class III,India
Palladam,Tamil Nadu,Tamil,தமிழ்,Town Panchayat,30016,,India
Vadakkuvalliyur,Tamil Nadu,Tamil,தமிழ்,Town Panchayat,29417,Class III,India
Tirukalukundram,Tamil Nadu,Tamil,தமிழ்,Town Panchayat,29391,Class III,India
Uthamapalayam,Tamil Nadu,Tamil,தமிழ்,Town Panchayat,29050,Class III,India
Surandai,Tamil Nadu,Tamil,தமிழ்,Town Panchayat,28146,,India
Sankari,Tamil Nadu,Tamil,தமிழ்,Town Panchayat,27454,,India
Shenkottai,Tamil Nadu,Tamil,தமிழ்,Municipality,26838,,India
Vadipatti,Tamil Nadu,Tamil,தமிழ்,Town Panchayat,26830,Class III,India
Sholingur,Tamil Nadu,Tamil,தமிழ்,Town Panchayat,26652,,India
Tirupathur,Tamil Nadu,Tamil,தமிழ்,Town Panchayat,25980,Class III,India
Manachanallur,Tamil Nadu,Tamil,தமிழ்,Town Panchayat,25931,,India
Viswanatham,Tamil Nadu,Tamil,தமிழ்,Census town,25555,Class III,India
Polur,Tamil Nadu,Tamil,தமிழ்,Town Panchayat,25505,,India
Panagudi,Tamil Nadu,Tamil,தமிழ்,Town Panchayat,25501,,India
Uthiramerur,Tamil Nadu,Tamil,தமிழ்,Town Panchayat,25194,Class III,India
Thiruthuraipoondi,Tamil Nadu,Tamil,தமிழ்,Municipality,24404,Class III,India
Pallapatti,Tamil Nadu,Tamil,தமிழ்,Census town,24326,,India
Ponneri,Tamil Nadu,Tamil,தமிழ்,Town Panchayat,24309,,India
Lalgudi,Tamil Nadu,Tamil,தமிழ்,Town Panchayat,23740,Class III,India
Natham,Tamil Nadu,Tamil,தமிழ்,Town Panchayat,23660,Class III,India
Unnamalaikadai,Tamil Nadu,Tamil,தமிழ்,Town Panchayat,23656,Class III,India
P.N.Patti,Tamil Nadu,Tamil,தமிழ்,Town Panchayat,23331,,India
Tharangambadi,Tamil Nadu,Tamil,தமிழ்,Town Panchayat,23191,Class III,India
Tittakudi,Tamil Nadu,Tamil,தமிழ்,Town Panchayat,22894,Class III,India
Pacode,Tamil Nadu,Tamil,தமிழ்,Town Panchayat,22781,,India
O' Valley,Tamil Nadu,Tamil,தமிழ்,Town Panchayat,21943,Class III,India
Suriyampalayam,Tamil Nadu,Tamil,தமிழ்,Town Panchayat,21923,,India
Sholavandan,Tamil Nadu,Tamil,தமிழ்,Town Panchayat,21638,,India
Thammampatti,Tamil Nadu,Tamil,தமிழ்,Town Panchayat,21503,Class III,India
Namagiripettai,Tamil Nadu,Tamil,தமிழ்,Town Panchayat,21250,Class III,India
Peravurani,Tamil Nadu,Tamil,தமிழ்,Town Panchayat,21045,,India
Parangipettai,Tamil Nadu,Tamil,தமிழ்,Town Panchayat,20912,,India
Pudupattinam,Tamil Nadu,Tamil,தமிழ்,Census town,20901,,India
Pallikonda,Tamil Nadu,Tamil,தமிழ்,Town Panchayat,20771,,India
Sivagiri,Tamil Nadu,Tamil,தமிழ்,Town Panchayat,20380,,India
Punjaipugalur,Tamil Nadu,Tamil,தமிழ்,Town Panchayat,20309,,India
Padmanabhapuram,Tamil Nadu,Tamil,தமிழ்,Municipality,20075,,India
Thirupuvanam,Tamil Nadu,Tamil,தமிழ்,Town Panchayat,14989,Class IV,India
Hyderabad,Telangana,Telugu,తెలుగు,Municipal Corporation / Corporation,"68,09,970",Class I,India
Warangal,Telangana,Telugu,తెలుగు,Municipal Corporation / Corporation.,"8,19,429",Class I,India
Nizamabad,Telangana,Telugu,తెలుగు,Municipal Corporation / Corporation,"3,10,467",Class I,India
Karimnagar,Telangana,Telugu,తెలుగు,Municipal Corporation / Corporation,"2,60,899",Class I,India
Ramagundam,Telangana,Telugu,తెలుగు,Municipal Corporation / Corporation,"2,37,686",,India
Khammam,Telangana,Telugu,తెలుగు,Municipal Corporation / Corporation,"1,84,252",Class I,India
Mahbubnagar,Telangana,Telugu,తెలుగు,Municipality,"1,57,902",Class I,India
Mancherial,Telangana,Telugu,తెలుగు,Urban Agglomeration,"1,18,195",,India
Adilabad,Telangana,Telugu,తెలుగు,Municipality,"1,17,167",Class I,India
Suryapet,Telangana,Telugu,తెలుగు,Urban Agglomeration,"1,06,524",,India
Jagtial,Telangana,Telugu,తెలుగు,Municipality,96460,Class II,India
Miryalaguda,Telangana,Telugu,తెలుగు,Urban Agglomeration,91359,,India
Nirmal,Telangana,Telugu,తెలుగు,Municipality,88433,Class II,India
Kamareddy,Telangana,Telugu,తెలుగు,Municipality,80315,Class II,India
Kothagudem,Telangana,Telugu,తెలుగు,Municipality,79819,Class II,India
Bodhan,Telangana,Telugu,తెలుగు,Municipality,77573,Class II,India
Palwancha,Telangana,Telugu,తెలుగు,Municipality,69088,,India
Mandamarri,Telangana,Telugu,తెలుగు,Municipality,66596,,India
Koratla,Telangana,Telugu,తెలుగు,Municipality,66504,Class II,India
Sircilla,Telangana,Telugu,తెలుగు,Municipality,65314,,India
Tandur,Telangana,Telugu,తెలుగు,Municipality,65115,Class II,India
Siddipet,Telangana,Telugu,తెలుగు,Municipality,61809,,India
Wanaparthy,Telangana,Telugu,తెలుగు,Municipality,60949,Class II,India
Kagaznagar,Telangana,Telugu,తెలుగు,Municipality,57583,Class II,India
Gadwal,Telangana,Telugu,తెలుగు,Municipality,57569,Class II,India
Sangareddy,Telangana,Telugu,తెలుగు,Municipality,57113,,India
Bellampalle,Telangana,Telugu,తెలుగు,Municipality,53958,Class II,India
Bhongir,Telangana,Telugu,తెలుగు,Municipality,53339,Class II,India
Vikarabad,Telangana,Telugu,తెలుగు,Municipality,53143,Class II,India
Jangaon,Telangana,Telugu,తెలుగు,Municipality,52394,Class II,India
Bhadrachalam,Telangana,Telugu,తెలుగు,Census town,50087,Class II,India
Bhainsa,Telangana,Telugu,తెలుగు,Municipality,49764,Class III,India
Farooqnagar,Telangana,Telugu,తెలుగు,Census town.,45675,Class III,India
Medak,Telangana,Telugu,తెలుగు,Nagar Panchayat,41945,,India
Narayanpet,Telangana,Telugu,తెలుగు,Nagar Panchayat,41752,Class III,India
Sadasivpet,Telangana,Telugu,తెలుగు,Municipality,36334,,India
Yellandu,Telangana,Telugu,తెలుగు,Municipality,33732,Class III,India
Manuguru,Telangana,Telugu,తెలుగు,Census town,32893,,India
Kyathampalle,Telangana,Telugu,తెలుగు,Census town,32385,Class III,India
Nagarkurnool,Telangana,Telugu,తెలుగు,Census town,26801,Class III,India
Agartala,Tripura,Bengali,বাংলা,Municipal Corporation / Corporation.,"3,99,688",Class I,India
Udaipur,Tripura,Bengali,বাংলা,Municipal Council,32758,Class III,India
Dharmanagar,Tripura,Bengali,বাংলা,Municipal Council,30785,Class III,India
Pratapgarh,Tripura,Bengali,বাংলা,Census town,26837,,India
Kailasahar,Tripura,Bengali,বাংলা,Nagar Panchayat,20279,Class III,India
Belonia,Tripura,Bengali,বাংলা,Municipal Council,19996,Class IV,India
Khowai,Tripura,Bengali,বাংলা,Municipal Council,18526,Class IV,India
Lucknow,Uttar Pradesh,Hindi ,हिन्दी,Municipal Corporation / Corporation,"28,15,601",Class I,India
Kanpur,Uttar Pradesh,Hindi ,हिन्दी,Municipal Corporation / Corporation,"27,67,031",Class I,India
Firozabad,Uttar Pradesh,Hindi ,हिन्दी,Census town.,"16,45,675",Class I,India
Agra,Uttar Pradesh,Hindi ,हिन्दी,Municipal Corporation / Corporation.,"15,74,542",Class I,India
Meerut,Uttar Pradesh,Hindi ,हिन्दी,Municipal Corporation / Corporation,"13,09,023",Class I,India
Varanasi,Uttar Pradesh,Hindi ,हिन्दी,Municipal Corporation / Corporation.,"12,01,815",Class I,India
Allahabad,Uttar Pradesh,Hindi ,हिन्दी,Municipality.,"11,17,094",Class I,India
Amroha,Uttar Pradesh,Hindi ,हिन्दी,Nagar Panchayat.,"8,97,135",Class I,India
Moradabad,Uttar Pradesh,Hindi ,हिन्दी,Municipal Corporation / Corporation,"8,89,810",Class I,India
Aligarh,Uttar Pradesh,Hindi ,हिन्दी,Municipalityunicipal Corporation / Corporation.,"8,72,575",Class I,India
Saharanpur,Uttar Pradesh,Hindi ,हिन्दी,Municipal Corporation / Corporation,"7,03,345",Class I,India
Noida,Uttar Pradesh,Hindi ,हिन्दी,Census town,"6,42,381",Class I,India
Loni,Uttar Pradesh,Hindi ,हिन्दी,Nagar Panchayat,"5,12,296",Class I,India
Jhansi,Uttar Pradesh,Hindi ,हिन्दी,Municipal Corporation / Corporation.,"5,07,293",Class I,India
Shahjahanpur,Uttar Pradesh,Hindi ,हिन्दी,Urban Agglomeration,"3,21,885",,India
Rampur,Uttar Pradesh,Hindi ,हिन्दी,Municipal board,"2,81,494",,India
Modinagar,Uttar Pradesh,Hindi ,हिन्दी,Municipality,"2,72,918",,India
Hapur,Uttar Pradesh,Hindi ,हिन्दी,Nagar Palika Parishad,"2,62,801",Class I,India
Etawah,Uttar Pradesh,Hindi ,हिन्दी,Nagar Palika Parishad,"2,56,790",Class I,India
Sambhal,Uttar Pradesh,Hindi ,हिन्दी,Nagar Palika Parishad,"2,21,334",Class I,India
Orai,Uttar Pradesh,Hindi ,हिन्दी,Nagar Palika Parishad.,"1,87,185",Class I,India
Bahraich,Uttar Pradesh,Hindi ,हिन्दी,Nagar Palika Parishad,"1,86,241",Class I,India
Unnao,Uttar Pradesh,Hindi ,हिन्दी,Nagar Palika Parishad.,"1,77,658",Class I,India
Rae Bareli,Uttar Pradesh,Hindi ,हिन्दी,Municipal board,"1,69,333",,India
Lakhimpur,Uttar Pradesh,Hindi ,हिन्दी,Nagar Palika Parishad,"1,52,010",Class I,India
Sitapur,Uttar Pradesh,Hindi ,हिन्दी,Municipal board,"1,51,908",,India
Lalitpur,Uttar Pradesh,Hindi ,हिन्दी,Nagar Palika Parishad,"1,33,041",Class I,India
Pilibhit,Uttar Pradesh,Hindi ,हिन्दी,Municipal board,"1,24,245",,India
Chandausi,Uttar Pradesh,Hindi ,हिन्दी,Nagar Palika Parishad,"1,14,254",Class I,India
Hardoi ,Uttar Pradesh,Hindi ,हिन्दी,Municipality,"1,12,486",Class II,India
Azamgarh,Uttar Pradesh,Hindi ,हिन्दी,P.,"1,10,980",Class I,India
Khair,Uttar Pradesh,Hindi ,हिन्दी,Nagar Palika Parishad,"1,02,106",Class II,India
Sultanpur,Uttar Pradesh,Hindi ,हिन्दी,Municipal board,"1,00,065",,India
Tanda,Uttar Pradesh,Hindi ,हिन्दी,Municipal board,95516,Class II,India
Nagina,Uttar Pradesh,Hindi ,हिन्दी,Nagar Palika Parishad,95246,Class II,India
Shamli,Uttar Pradesh,Hindi ,हिन्दी,Municipal board,90055,,India
Najibabad,Uttar Pradesh,Hindi ,हिन्दी,Municipal board,88535,Class II,India
Shikohabad,Uttar Pradesh,Hindi ,हिन्दी,Municipal board,88161,,India
Sikandrabad,Uttar Pradesh,Hindi ,हिन्दी,Municipal board,69867,,India
"Shahabad, Hardoi",Uttar Pradesh,Hindi ,हिन्दी,Municipal board,67751,,India
Pilkhuwa,Uttar Pradesh,Hindi ,हिन्दी,Municipal board,66907,,India
Renukoot,Uttar Pradesh,Hindi ,हिन्दी,Urban Agglomeration,66597,,India
Vrindavan,Uttar Pradesh,Hindi ,हिन्दी,Municipal board,63005,Class II,India
Ujhani,Uttar Pradesh,Hindi ,हिन्दी,Nagar Palika Parishad.,62039,Class II,India
Laharpur,Uttar Pradesh,Hindi ,हिन्दी,Nagar Palika Parishad,61990,Class II,India
Tilhar,Uttar Pradesh,Hindi ,हिन्दी,Nagar Palika Parishad.,61444,Class II,India
Sahaswan,Uttar Pradesh,Hindi ,हिन्दी,Municipal board,58184,,India
Rath,Uttar Pradesh,Hindi ,हिन्दी,Municipal board,55950,,India
Sherkot,Uttar Pradesh,Hindi ,हिन्दी,Municipal board,52880,,India
Kalpi,Uttar Pradesh,Hindi ,हिन्दी,Nagar Palika Parishad,51670,Class II,India
Tundla,Uttar Pradesh,Hindi ,हिन्दी,Nagar Palika Parishad,50423,Class II,India
Sandila,Uttar Pradesh,Hindi ,हिन्दी,Municipal board,48899,,India
Nanpara,Uttar Pradesh,Hindi ,हिन्दी,Nagar Palika Parishad,48337,Class III,India
Sardhana,Uttar Pradesh,Hindi ,हिन्दी,Municipal board,48314,,India
Nehtaur,Uttar Pradesh,Hindi ,हिन्दी,Nagar Palika Parishad,47834,Class III,India
Seohara,Uttar Pradesh,Hindi ,हिन्दी,Urban Agglomeration,47575,,India
Padrauna,Uttar Pradesh,Hindi ,हिन्दी,Municipal board,44383,,India
Mathura,Uttar Pradesh,Hindi ,हिन्दी,Municipality,44313,,India
Thakurdwara,Uttar Pradesh,Hindi ,हिन्दी,Nagar Palika Parishad.,44255,Class III,India
Nawabganj,Uttar Pradesh,Hindi ,हिन्दी,Nagar Palika Parishad,39241,Class III,India
Siana,Uttar Pradesh,Hindi ,हिन्दी,Municipal board,38999,,India
Noorpur,Uttar Pradesh,Hindi ,हिन्दी,Nagar Palika Parishad,38806,Class III,India
Sikandra Rao,Uttar Pradesh,Hindi ,हिन्दी,Municipal board,37938,,India
Puranpur,Uttar Pradesh,Hindi ,हिन्दी,Municipal board,37233,,India
Rudauli,Uttar Pradesh,Hindi ,हिन्दी,Municipal board,36776,,India
Thana Bhawan,Uttar Pradesh,Hindi ,हिन्दी,Nagar Panchayat.,36669,Class III,India
Palia Kalan,Uttar Pradesh,Hindi ,हिन्दी,Municipal board,35029,,India
Zaidpur,Uttar Pradesh,Hindi ,हिन्दी,Nagar Panchayat,34443,Class III,India
Nautanwa,Uttar Pradesh,Hindi ,हिन्दी,Nagar Palika Parishad,33753,Class III,India
Zamania,Uttar Pradesh,Hindi ,हिन्दी,Nagar Panchayat,33243,Class III,India
"Shikarpur, Bulandshahr",Uttar Pradesh,Hindi ,हिन्दी,Municipal board,33187,,India
Naugawan Sadat,Uttar Pradesh,Hindi ,हिन्दी,Nagar Panchayat,32954,Class III,India
Fatehpur Sikri,Uttar Pradesh,Hindi ,हिन्दी,Municipal board.,32905,Class III,India
"Shahabad, Rampur",Uttar Pradesh,Hindi ,हिन्दी,Nagar Panchayat,32370,,India
Robertsganj,Uttar Pradesh,Hindi ,हिन्दी,Municipal board,32243,,India
Utraula,Uttar Pradesh,Hindi ,हिन्दी,Nagar Palika Parishad.,32145,Class III,India
Sadabad,Uttar Pradesh,Hindi ,हिन्दी,Nagar Panchayat,31742,,India
Rasra,Uttar Pradesh,Hindi ,हिन्दी,Municipal board,29238,,India
Lar,Uttar Pradesh,Hindi ,हिन्दी,Nagar Panchayat,28307,Class III,India
Lal Gopalganj Nindaura,Uttar Pradesh,Hindi ,हिन्दी,Nagar Panchayat,28288,Class III,India
Sirsaganj,Uttar Pradesh,Hindi ,हिन्दी,Urban Agglomeration,28212,,India
Pihani,Uttar Pradesh,Hindi ,हिन्दी,Municipal board,27545,,India
"Shamsabad, Agra",Uttar Pradesh,Hindi ,हिन्दी,Municipal board,27338,,India
Rudrapur,Uttar Pradesh,Hindi ,हिन्दी,Nagar Panchayat,26683,,India
Soron,Uttar Pradesh,Hindi ,हिन्दी,Municipal board,26678,,India
SUrban Agglomerationr,Uttar Pradesh,Hindi ,हिन्दी,Municipal board,26149,,India
Samdhan,Uttar Pradesh,Hindi ,हिन्दी,Nagar Panchayat,25327,,India
Sahjanwa,Uttar Pradesh,Hindi ,हिन्दी,Nagar Panchayat,25107,,India
Rampur Maniharan,Uttar Pradesh,Hindi ,हिन्दी,Nagar Panchayat,24844,,India
Sumerpur,Uttar Pradesh,Hindi ,हिन्दी,Nagar Panchayat,24661,,India
Shahganj,Uttar Pradesh,Hindi ,हिन्दी,Municipal board,24602,,India
Tulsipur,Uttar Pradesh,Hindi ,हिन्दी,Nagar Panchayat,24488,Class III,India
Tirwaganj,Uttar Pradesh,Hindi ,हिन्दी,Nagar Panchayat,24082,Class III,India
PurqUrban Agglomerationzi,Uttar Pradesh,Hindi ,हिन्दी,Urban Agglomeration,23599,,India
"Shamsabad, Farrukhabad",Uttar Pradesh,Hindi ,हिन्दी,Nagar Panchayat,23596,,India
Warhapur,Uttar Pradesh,Hindi ,हिन्दी,Nagar Panchayat.,23456,Class III,India
Powayan,Uttar Pradesh,Hindi ,हिन्दी,Nagar Panchayat,23406,,India
Sandi,Uttar Pradesh,Hindi ,हिन्दी,Municipal board,23234,,India
Achhnera,Uttar Pradesh,Hindi ,हिन्दी,Nagar Panchayat.,22781,Class III,India
Naraura,Uttar Pradesh,Hindi ,हिन्दी,Nagar Panchayat,22775,Class III,India
Nakur,Uttar Pradesh,Hindi ,हिन्दी,Nagar Palika Parishad,22712,Class III,India
Sahaspur,Uttar Pradesh,Hindi ,हिन्दी,Nagar Panchayat,22606,,India
Safipur,Uttar Pradesh,Hindi ,हिन्दी,Nagar Panchayat,22378,,India
Reoti,Uttar Pradesh,Hindi ,हिन्दी,Nagar Panchayat,22082,,India
Sikanderpur,Uttar Pradesh,Hindi ,हिन्दी,Nagar Panchayat,21783,,India
Saidpur,Uttar Pradesh,Hindi ,हिन्दी,Nagar Panchayat,21568,,India
Sirsi,Uttar Pradesh,Hindi ,हिन्दी,Nagar Panchayat,21373,,India
Purwa,Uttar Pradesh,Hindi ,हिन्दी,Nagar Panchayat,21271,,India
Parasi,Uttar Pradesh,Hindi ,हिन्दी,Census town,21206,,India
Lalganj,Uttar Pradesh,Hindi ,हिन्दी,Nagar Panchayat,21142,Class III,India
Phulpur,Uttar Pradesh,Hindi ,हिन्दी,Nagar Panchayat,20986,,India
Shishgarh,Uttar Pradesh,Hindi ,हिन्दी,Nagar Panchayat,20684,,India
Sahawar,Uttar Pradesh,Hindi ,हिन्दी,Nagar Panchayat,20470,,India
Samthar,Uttar Pradesh,Hindi ,हिन्दी,Municipal board,20217,,India
Pukhrayan,Uttar Pradesh,Hindi ,हिन्दी,Municipal board,20107,,India
Obra,Uttar Pradesh,Hindi ,हिन्दी,Nagar Panchayat,14786,Class IV,India
Niwai,Uttar Pradesh,Hindi ,हिन्दी,Nagar Panchayat,9205,Class V,India
Dehradun,Uttarakhand,Hindi ,हिन्दी,Municipal Corporation / Corporation,"5,78,420",Class I,India
Hardwar,Uttarakhand,Hindi ,हिन्दी,Nagar Palika Parishad,"2,25,235",Class I,India
Haldwani-cum-Kathgodam,Uttarakhand,Hindi ,हिन्दी,Nagar Palika Parishad,"1,56,060",Class I,India
Srinagar,Uttarakhand,Hindi ,हिन्दी,,"1,50,000",,India
Kashipur,Uttarakhand,Hindi ,हिन्दी,Nagar Palika Parishad.,"1,21,610",Class I,India
Roorkee,Uttarakhand,Hindi ,हिन्दी,Urban Agglomeration,"1,15,278",,India
Rudrapur,Uttarakhand,Hindi ,हिन्दी,Municipal board,88676,,India
Rishikesh,Uttarakhand,Hindi ,हिन्दी,Urban Agglomeration,78805,,India
Ramnagar,Uttarakhand,Hindi ,हिन्दी,Municipal board,46205,,India
Pithoragarh,Uttarakhand,Hindi ,हिन्दी,Municipal board,44964,,India
Manglaur,Uttarakhand,Hindi ,हिन्दी,Municipal board,42584,,India
Nainital,Uttarakhand,Hindi ,हिन्दी,Nagar Palika Parishad,41377,Class III,India
Mussoorie,Uttarakhand,Hindi ,हिन्दी,Urban Agglomeration,29329,,India
Tehri,Uttarakhand,Hindi ,हिन्दी,Nagar Palika Parishad.,25423,Class III,India
Pauri,Uttarakhand,Hindi ,हिन्दी,Municipal board,24743,,India
Nagla,Uttarakhand,Hindi ,हिन्दी,Census town,22258,Class III,India
Sitarganj,Uttarakhand,Hindi ,हिन्दी,Municipal board,22027,,India
Bageshwar,Uttarakhand,Hindi ,हिन्दी,Nagar Palika Parishad,9079,Class V,India
Kolkata,West Bengal,Bengali,বাংলা,Municipal Corporation / Corporation,"44,86,679",Class I,India
Siliguri,West Bengal,Bengali,বাংলা,Municipal Corporation / Corporation.,"15,72,000",,India
Asansol,West Bengal,Bengali,বাংলা,Municipal Corporation / Corporation.,"5,64,491",Class I,India
Raghunathganj,West Bengal,Bengali,বাংলা,Municipality,"3,46,854",,India
Kharagpur,West Bengal,Bengali,বাংলা,Municipality/Industrial Township,"2,93,719",Class I,India
Naihati,West Bengal,Bengali,বাংলা,Municipality,"2,21,762",Class I,India
English Bazar,West Bengal,Bengali,বাংলা,Municipality,"2,16,083",Class I,India
Baharampur,West Bengal,Bengali,বাংলা,Municipality,"1,95,363",Class I,India
Hugli-Chinsurah,West Bengal,Bengali,বাংলা,Municipality,"1,77,209",Class I,India
Raiganj,West Bengal,Bengali,বাংলা,Urban Agglomeration,"1,75,047",,India
Jalpaiguri,West Bengal,Bengali,বাংলা,Municipal Corporation / Corporation,"1,69,013",Class I,India
Santipur,West Bengal,Bengali,বাংলা,Municipality,"1,51,774",Class I,India
Balurghat,West Bengal,Bengali,বাংলা,Municipality,"1,51,183",Class I,India
Medinipur,West Bengal,Bengali,বাংলা,Municipality,"1,49,769",,India
Habra,West Bengal,Bengali,বাংলা,Municipality,"1,49,675",Class II,India
Ranaghat,West Bengal,Bengali,বাংলা,Urban Agglomeration,"1,45,285",,India
Bankura,West Bengal,Bengali,বাংলা,Municipality,"1,38,036",Class I,India
Nabadwip,West Bengal,Bengali,বাংলা,Municipality,"1,25,528",Class I,India
Darjiling,West Bengal,Bengali,বাংলা,Municipality,"1,20,414",Class I,India
Purulia,West Bengal,Bengali,বাংলা,Municipality,"1,13,806",,India
Arambagh,West Bengal,Bengali,বাংলা,Municipality,66175,Class II,India
Tamluk,West Bengal,Bengali,বাংলা,Municipality,65306,Class II,India
AlipurdUrban Agglomerationr,West Bengal,Bengali,বাংলা,Municipality,65232,Class II,India
Suri,West Bengal,Bengali,বাংলা,Municipality,61806,,India
Jhargram,West Bengal,Bengali,বাংলা,Municipality,61712,Class II,India
Gangarampur,West Bengal,Bengali,বাংলা,Municipality,56175,Class II,India
Rampurhat,West Bengal,Bengali,বাংলা,Municipality,50613,,India
Kalimpong,West Bengal,Bengali,বাংলা,Municipality,42998,Class III,India
Sainthia,West Bengal,Bengali,বাংলা,Municipality,39145,,India
Taki,West Bengal,Bengali,বাংলা,Municipality,38263,Class III,India
Murshidabad,West Bengal,Bengali,বাংলা,Municipality,36947,,India
Memari,West Bengal,Bengali,বাংলা,Municipality,36207,,India
Paschim Punropara,West Bengal,Bengali,বাংলা,Census town,31198,,India
Tarakeswar,West Bengal,Bengali,বাংলা,Municipality,30947,Class III,India
Sonamukhi,West Bengal,Bengali,বাংলা,Municipality,27354,,India
PandUrban Agglomeration,West Bengal,Bengali,বাংলা,Census town,27161,,India
Mainaguri,West Bengal,Bengali,বাংলা,Census town,27106,,India
Malda,West Bengal,Bengali,বাংলা,Municipality,23218,,India
Panchla,West Bengal,Bengali,বাংলা,Census town,22051,,India
Raghunathpur,West Bengal,Bengali,বাংলা,Municipality,21932,,India
Mathabhanga,West Bengal,Bengali,বাংলা,Municipality,21107,,India
Monoharpur,West Bengal,Bengali,বাংলা,Census town,20846,,India
Srirampore,West Bengal,Bengali,বাংলা,,19500,,India
Adra,West Bengal,Bengali,বাংলা,Census town.,14956,Class IV,India
